d0,d1,d2,d3,d4,l1,d0/l1,d1/l1,d2/l1,d3/l1,d4/l1,slopes,mass
3.6,2.9,1.7,1.4,2.1,18.5,0.194594595,0.156756757,0.091891892,0.075675676,0.113513514,0.041767003,0.000994279
4.7,1.5,1.6,1.6,2.2,16.6,0.28313253,0.090361446,0.096385542,0.096385542,0.13253012,0.058221534,0.001074535
4.1,2.8,1.6,2.6,1.8,18.1,0.226519337,0.154696133,0.08839779,0.143646409,0.099447514,0.049202291,0.001169654
4.7,2.1,2.2,1.1,1.1,18.6,0.252688172,0.112903226,0.11827957,0.059139785,0.059139785,0.049643585,0.001222689
3.5,1.7,2.7,1.3,2.2,21.7,0.161290323,0.078341014,0.124423963,0.059907834,0.101382488,0.032838692,0.001136966
4.1,2.6,1.6,1.4,1.8,20.1,0.2039801,0.129353234,0.07960199,0.069651741,0.089552239,0.0409107,0.001185965
3.6,1.3,2.4,1.8,1.7,22.8,0.157894737,0.057017544,0.105263158,0.078947368,0.074561404,0.031089,0.001149135
4.9,1.2,1.3,1.7,2.6,22.1,0.221719457,0.054298643,0.058823529,0.076923077,0.117647059,0.042469029,0.001622229
3.6,2.6,2.5,2.6,1.2,16.3,0.220858896,0.159509202,0.153374233,0.159509202,0.073619632,0.050870972,0.00091879
4.3,1.7,1.9,1.2,1.6,16.7,0.25748503,0.101796407,0.113772455,0.071856287,0.095808383,0.051750591,0.00092992
3.7,1.6,2.4,1.5,2.4,24.8,0.149193548,0.064516129,0.096774194,0.060483871,0.096774194,0.029513918,0.001393893
4.9,2.1,2.6,2.1,2.3,18.5,0.264864865,0.113513514,0.140540541,0.113513514,0.124324324,0.056947809,0.001479644
3.7,1.9,1.6,1.7,1.1,20.3,0.18226601,0.093596059,0.078817734,0.083743842,0.054187192,0.035120692,0.000953926
3.3,2.5,1.8,1.1,1.4,21.6,0.152777778,0.115740741,0.083333333,0.050925926,0.064814815,0.02994595,0.000953338
3.9,1.1,2.3,1.6,1.5,24.1,0.161825726,0.045643154,0.095435685,0.066390041,0.062240664,0.030531759,0.001276512
3.8,2.9,2.7,2.5,1.3,16.7,0.22754491,0.173652695,0.161676647,0.149700599,0.077844311,0.052993556,0.001041204
4.4,2.1,2.4,2.2,2.7,18.2,0.241758242,0.115384615,0.131868132,0.120879121,0.148351648,0.05333782,0.001311417
4.5,2.8,2.4,1.6,2.2,19.7,0.228426396,0.14213198,0.121827411,0.081218274,0.111675127,0.048414517,0.001450798
3.2,1.9,1.4,2.6,1.4,24.7,0.129554656,0.076923077,0.056680162,0.105263158,0.056680162,0.025617043,0.001124895
3.5,1.1,2.9,2.7,1.5,20.9,0.167464115,0.052631579,0.138755981,0.129186603,0.071770335,0.035332585,0.001154556
3.4,1.3,2.8,1.5,2.7,17.4,0.195402299,0.074712644,0.16091954,0.086206897,0.155172414,0.043051846,0.000900278
3.3,1.6,1.3,1.4,2.5,15.6,0.211538462,0.102564103,0.083333333,0.08974359,0.16025641,0.044785432,0.000649049
3.8,1.2,1.3,2.8,1.4,19.3,0.196891192,0.062176166,0.067357513,0.14507772,0.07253886,0.038971073,0.000994495
3.6,1.9,2.2,1.5,1.7,17.9,0.201117318,0.106145251,0.122905028,0.083798883,0.094972067,0.041515734,0.000868275
4.1,1.8,2.6,1.1,2.8,20.5,0.2,0.087804878,0.126829268,0.053658537,0.136585366,0.040865537,0.001325102
3.4,2.3,2.2,1.6,1.9,17.7,0.192090395,0.129943503,0.124293785,0.09039548,0.107344633,0.041507678,0.00086184
3.3,2.8,2.3,1.9,2.4,21.4,0.154205607,0.130841121,0.107476636,0.088785047,0.112149533,0.034690562,0.001211653
4.6,2.8,2.1,2.3,2.7,16.8,0.273809524,0.166666667,0.125,0.136904762,0.160714286,0.063340693,0.001290707
3.9,2.4,1.7,2.2,2.2,20.5,0.190243902,0.117073171,0.082926829,0.107317073,0.107317073,0.039835628,0.001238504
3.5,2.2,1.7,1.9,1.1,16.2,0.216049383,0.135802469,0.104938272,0.117283951,0.067901235,0.044763314,0.000726711
4.9,1.9,2.4,2.4,2.2,18.6,0.26344086,0.102150538,0.129032258,0.129032258,0.11827957,0.056198898,0.001471199
4.9,1.8,2.4,2.5,2.1,21.7,0.225806452,0.082949309,0.110599078,0.115207373,0.096774194,0.046195791,0.001766989
3.2,2.1,2.7,2.9,1.7,22.5,0.142222222,0.093333333,0.12,0.128888889,0.075555556,0.032020885,0.001266335
3.5,2.9,2.4,1.7,2.5,24.8,0.141129032,0.116935484,0.096774194,0.068548387,0.100806452,0.030422262,0.001537469
3.2,2.2,1.6,1.3,2.5,18.6,0.172043011,0.11827957,0.086021505,0.069892473,0.134408602,0.036617755,0.000839137
4.7,1.1,1.2,2.6,1.4,20.1,0.233830846,0.054726368,0.059701493,0.129353234,0.069651741,0.045169963,0.001334922
4.9,1.8,1.1,2.3,2.9,21.4,0.228971963,0.08411215,0.051401869,0.107476636,0.135514019,0.04567452,0.001698399
4.6,1.4,1.6,1.8,2.1,17.9,0.25698324,0.078212291,0.089385475,0.100558659,0.117318436,0.051733339,0.001144335
4.3,2.5,1.4,2.8,1.8,21.2,0.202830189,0.117924528,0.066037736,0.132075472,0.08490566,0.041413448,0.001461352
3.8,1.2,2.6,1.1,2.3,24.1,0.157676349,0.049792531,0.107883817,0.045643154,0.095435685,0.030037506,0.001338782
3.3,1.4,1.9,1.4,2.8,16.6,0.198795181,0.084337349,0.114457831,0.084337349,0.168674699,0.042884255,0.000756087
4.7,2.6,1.1,1.6,2.9,22.5,0.208888889,0.115555556,0.048888889,0.071111111,0.128888889,0.041741687,0.001733983
4.6,2.2,1.6,1.2,2.8,22.9,0.200873362,0.096069869,0.069868996,0.052401747,0.122270742,0.039522819,0.001660921
4.7,2.7,1.4,2.3,1.8,24.9,0.18875502,0.108433735,0.0562249,0.092369478,0.072289157,0.036761198,0.001915244
3.4,2.3,1.6,1.3,1.1,19.2,0.177083333,0.119791667,0.083333333,0.067708333,0.057291667,0.034583358,0.000815295
4.9,2.3,1.5,2.8,2.5,17.2,0.284883721,0.13372093,0.087209302,0.162790698,0.145348837,0.062704583,0.001363423
3.1,2.9,2.2,1.1,2.1,24.6,0.12601626,0.117886179,0.089430894,0.044715447,0.085365854,0.026156482,0.001233307
4.2,1.8,1.3,2.7,1.8,20.1,0.208955224,0.089552239,0.064676617,0.134328358,0.089552239,0.041918444,0.001243794
3.2,1.5,2.7,1.8,2.7,18.1,0.17679558,0.082872928,0.149171271,0.099447514,0.149171271,0.040032868,0.000915781
3.1,1.1,1.9,1.2,2.1,24.7,0.125506073,0.044534413,0.076923077,0.048582996,0.085020243,0.023787375,0.000968654
4.9,1.3,2.4,2.5,2.9,15.4,0.318181818,0.084415584,0.155844156,0.162337662,0.188311688,0.073373717,0.001189271
4.2,2.2,1.7,2.5,2.3,23.6,0.177966102,0.093220339,0.072033898,0.105932203,0.097457627,0.036092848,0.001613721
4.4,1.5,2.1,1.8,1.5,16.1,0.273291925,0.093167702,0.130434783,0.111801242,0.093167702,0.056606157,0.000947384
3.8,1.5,2.6,2.7,2.1,19.5,0.194871795,0.076923077,0.133333333,0.138461538,0.107692308,0.04235461,0.001191421
3.5,1.5,2.8,2.8,1.1,19,0.184210526,0.078947368,0.147368421,0.147368421,0.057894737,0.039835881,0.001032005
3.8,1.8,2.4,1.9,2.5,16.8,0.226190476,0.107142857,0.142857143,0.113095238,0.148809524,0.050202628,0.000959088
3.7,2.1,2.7,1.7,2.8,21.8,0.169724771,0.096330275,0.123853211,0.077981651,0.128440367,0.036616581,0.001368646
4.8,1.6,1.8,2.8,2.8,15.1,0.317880795,0.105960265,0.119205298,0.185430464,0.185430464,0.073717985,0.001123163
3.7,1.9,1.7,2.9,2.8,20.9,0.177033493,0.090909091,0.081339713,0.138755981,0.133971292,0.038549317,0.001310234
4.3,2.1,1.5,1.9,1.7,22.7,0.189427313,0.092511013,0.066079295,0.083700441,0.074889868,0.036733413,0.00141225
3.3,1.5,2.8,2.7,1.3,22.1,0.149321267,0.067873303,0.126696833,0.122171946,0.058823529,0.031692122,0.001162174
4.8,2.7,2.9,1.1,2.6,23.3,0.206008584,0.115879828,0.124463519,0.0472103,0.111587983,0.041650094,0.001985639
3.2,1.3,2.2,1.3,2.8,16.3,0.196319018,0.079754601,0.134969325,0.079754601,0.171779141,0.042898924,0.00073051
4.2,2.8,1.2,1.6,2.8,16.6,0.253012048,0.168674699,0.072289157,0.096385542,0.168674699,0.056116258,0.001067036
4.5,1.4,2.6,1.5,1.2,19.7,0.228426396,0.07106599,0.131979695,0.076142132,0.060913706,0.0448614,0.001251877
4.8,2.4,2.3,1.4,2.6,22.8,0.210526316,0.105263158,0.100877193,0.061403509,0.114035088,0.04235571,0.001829811
4.3,2.7,1.5,1.9,2.9,19.1,0.22513089,0.141361257,0.078534031,0.09947644,0.151832461,0.048723426,0.001341787
4.7,2.7,2.9,2.3,1.6,16.8,0.279761905,0.160714286,0.172619048,0.136904762,0.095238095,0.063535185,0.001296471
3.1,1.5,1.9,1.2,2.7,22.7,0.136563877,0.066079295,0.083700441,0.052863436,0.118942731,0.027471866,0.000999088
3.2,1.5,1.7,2.7,2.7,18.5,0.172972973,0.081081081,0.091891892,0.145945946,0.145945946,0.038681392,0.00093187
3.4,2.7,1.4,2.9,2.8,18,0.188888889,0.15,0.077777778,0.161111111,0.155555556,0.045102928,0.001075426
4.1,1.4,1.6,2.7,1.7,22.5,0.182222222,0.062222222,0.071111111,0.12,0.075555556,0.035688881,0.001357395
4.6,2.7,1.2,1.1,2.3,16.5,0.278787879,0.163636364,0.072727273,0.066666667,0.139393939,0.058889442,0.001091845
3.3,1.8,1.4,1.1,2.3,18,0.183333333,0.1,0.077777778,0.061111111,0.127777778,0.037111705,0.000751983
3.1,1.7,1.5,1.9,1.9,22.8,0.135964912,0.074561404,0.065789474,0.083333333,0.083333333,0.027231269,0.000937692
3.7,2.3,1.1,1.1,2.8,19.4,0.190721649,0.118556701,0.056701031,0.056701031,0.144329897,0.038956129,0.001032532
3.3,1.2,2.4,2.2,2.9,15.4,0.214285714,0.077922078,0.155844156,0.142857143,0.188311688,0.050723379,0.000779665
3.5,2.3,1.9,2.7,1.5,19.8,0.176767677,0.116161616,0.095959596,0.136363636,0.075757576,0.037745695,0.001065024
3.5,1.1,2.1,2.8,1.1,15.7,0.222929936,0.070063694,0.133757962,0.178343949,0.070063694,0.048141946,0.000739396
3.4,2.8,1.4,2.2,1.5,24.4,0.139344262,0.114754098,0.057377049,0.090163934,0.06147541,0.027940588,0.001267181
3.7,2.2,2.6,2.2,1.5,20.3,0.18226601,0.108374384,0.128078818,0.108374384,0.073891626,0.03857278,0.001166634
3.6,1.8,2.2,2.9,1.6,23.5,0.153191489,0.076595745,0.093617021,0.123404255,0.068085106,0.031780474,0.001355123
3.3,1.1,2.8,1.5,2.1,21.6,0.152777778,0.050925926,0.12962963,0.069444444,0.097222222,0.03079512,0.001037795
4.9,1.6,2.9,2.3,1.3,19.8,0.247474747,0.080808081,0.146464646,0.116161616,0.065656566,0.050856045,0.001543017
4.5,2.7,1.7,1.2,1.4,18.4,0.244565217,0.14673913,0.092391304,0.065217391,0.076086957,0.049135198,0.001178361
4.5,1.6,1.3,2.4,2.9,21.1,0.213270142,0.075829384,0.061611374,0.113744076,0.137440758,0.042971057,0.001509902
4.1,2.5,2.7,1.1,2.1,23.3,0.175965665,0.107296137,0.115879828,0.0472103,0.090128755,0.035041475,0.001543164
3.5,1.1,1.5,2.3,2.5,15.3,0.22875817,0.071895425,0.098039216,0.150326797,0.163398693,0.049462146,0.000720768
3.5,1.6,2.8,1.9,1.9,20.7,0.169082126,0.077294686,0.1352657,0.09178744,0.09178744,0.035575419,0.001100964
3.7,1.2,1.9,1.9,2.2,15.4,0.24025974,0.077922078,0.123376623,0.123376623,0.142857143,0.05097763,0.000745907
4.5,2.6,2.4,2.1,1.6,18.3,0.245901639,0.142076503,0.131147541,0.114754098,0.087431694,0.052439673,0.001294563
3.5,1.5,1.9,1.3,1.3,16.8,0.208333333,0.089285714,0.113095238,0.077380952,0.077380952,0.04130991,0.000692278
3.9,1.7,2.3,1.6,2.8,16.7,0.233532934,0.101796407,0.137724551,0.095808383,0.167664671,0.05136289,0.000972234
3.6,1.3,1.3,1.7,1.5,20.3,0.177339901,0.064039409,0.064039409,0.083743842,0.073891626,0.033776522,0.000875755
4.1,2.5,1.6,1.7,2.4,22.9,0.179039301,0.109170306,0.069868996,0.074235808,0.104803493,0.036097671,0.001465428
4.5,1.8,1.5,2.7,2.9,24.9,0.180722892,0.072289157,0.060240964,0.108433735,0.116465863,0.036031001,0.001919673
4.1,2.9,2.9,1.4,1.9,23.6,0.173728814,0.122881356,0.122881356,0.059322034,0.080508475,0.035619627,0.00166096
3.7,1.2,2.1,1.8,1.5,18.2,0.203296703,0.065934066,0.115384615,0.098901099,0.082417582,0.040606051,0.000864474
3.8,1.2,2.2,1.3,2.9,16.5,0.23030303,0.072727273,0.133333333,0.078787879,0.175757576,0.049056311,0.000890271
4.8,2.3,2.6,1.9,1.7,23.7,0.202531646,0.097046414,0.109704641,0.080168776,0.071729958,0.040233615,0.001879801
3.9,2.7,2.1,2.1,2.4,24.9,0.156626506,0.108433735,0.084337349,0.084337349,0.096385542,0.032709654,0.001664256
4.4,1.4,1.7,2.9,2.8,19.2,0.229166667,0.072916667,0.088541667,0.151041667,0.145833333,0.048513861,0.001372032
4.1,2.4,2.5,1.2,2.5,22.9,0.179039301,0.104803493,0.109170306,0.052401747,0.109170306,0.036204111,0.001528452
4.4,2.7,2.9,2.9,2.5,17.5,0.251428571,0.154285714,0.165714286,0.165714286,0.142857143,0.060924682,0.001402873
3.6,1.2,2.9,1.1,1.9,22.8,0.157894737,0.052631579,0.127192982,0.048245614,0.083333333,0.030543118,0.001179866
3.6,1.1,2.1,2.1,1.3,23.4,0.153846154,0.047008547,0.08974359,0.08974359,0.055555556,0.02950769,0.001127145
4.8,1.4,2.5,1.6,2.7,17.6,0.272727273,0.079545455,0.142045455,0.090909091,0.153409091,0.057648803,0.001301832
3.5,2.5,1.7,1.3,2.9,22.6,0.154867257,0.110619469,0.075221239,0.057522124,0.128318584,0.032407981,0.001265771
4.5,1.4,2.1,1.9,2.9,18.9,0.238095238,0.074074074,0.111111111,0.100529101,0.153439153,0.049577548,0.001322164
3.7,2.3,2.1,1.6,2.5,21.6,0.171296296,0.106481481,0.097222222,0.074074074,0.115740741,0.035835409,0.001249707
3.4,1.6,1.7,2.4,2.8,18,0.188888889,0.088888889,0.094444444,0.133333333,0.155555556,0.041748882,0.000937974
4.3,1.4,1.3,2.8,1.4,15.4,0.279220779,0.090909091,0.084415584,0.181818182,0.090909091,0.059065107,0.000891399
4.5,2.1,1.5,2.9,2.8,24.4,0.18442623,0.086065574,0.06147541,0.118852459,0.114754098,0.037414409,0.0019269
3.8,2.6,1.9,1.4,1.6,23.6,0.161016949,0.110169492,0.080508475,0.059322034,0.06779661,0.031591248,0.001313982
4.2,2.1,2.8,1.8,1.7,18.5,0.227027027,0.113513514,0.151351351,0.097297297,0.091891892,0.048086635,0.001190022
4.8,2.8,1.6,2.8,2.4,24.4,0.196721311,0.114754098,0.06557377,0.114754098,0.098360656,0.040121626,0.00210742
4.1,1.7,2.4,1.6,1.9,21.3,0.192488263,0.079812207,0.112676056,0.075117371,0.089201878,0.038338365,0.001277088
3.1,2.5,1.3,1.3,2.7,22.6,0.137168142,0.110619469,0.057522124,0.057522124,0.119469027,0.028651012,0.001064127
4.7,2.8,1.2,1.8,2.8,19.6,0.239795918,0.142857143,0.06122449,0.091836735,0.142857143,0.050278596,0.001501913
4.1,2.7,1.1,1.7,1.8,21.7,0.188940092,0.124423963,0.050691244,0.078341014,0.082949309,0.037066957,0.001299929
3.4,1.2,1.4,2.5,2.5,20.3,0.167487685,0.0591133,0.068965517,0.123152709,0.123152709,0.034108073,0.001000804
3.8,1.5,1.4,2.8,1.2,22.6,0.168141593,0.066371681,0.061946903,0.123893805,0.053097345,0.032502884,0.00121001
4.2,1.5,2.2,2.2,1.6,20.4,0.205882353,0.073529412,0.107843137,0.107843137,0.078431373,0.041263648,0.001242859
3.2,1.7,2.2,2.3,2.7,22.8,0.140350877,0.074561404,0.096491228,0.100877193,0.118421053,0.030489734,0.001206253
3.8,1.9,2.9,2.4,2.9,17.8,0.213483146,0.106741573,0.162921348,0.134831461,0.162921348,0.050618738,0.001178768
3.2,2.2,1.2,2.1,2.4,21.7,0.147465438,0.101382488,0.055299539,0.096774194,0.110599078,0.030650529,0.00103293
3.9,1.4,2.7,1.7,1.1,22.7,0.171806167,0.061674009,0.118942731,0.074889868,0.04845815,0.033190838,0.0012518
4.6,1.5,1.7,1.2,1.4,15.6,0.294871795,0.096153846,0.108974359,0.076923077,0.08974359,0.059585886,0.000903524
3.7,1.2,2.6,1.4,2.6,18.1,0.20441989,0.066298343,0.143646409,0.077348066,0.143646409,0.042733311,0.000978715
4.6,2.8,2.9,2.5,2.6,23.3,0.197424893,0.120171674,0.124463519,0.107296137,0.111587983,0.042931144,0.002050378
4.2,2.8,1.1,1.6,2.4,19.6,0.214285714,0.142857143,0.056122449,0.081632653,0.12244898,0.044068438,0.001253057
3.1,1.5,2.2,2.9,1.5,22.2,0.13963964,0.067567568,0.099099099,0.130630631,0.067567568,0.029726668,0.001066225
4.7,1.6,1.4,2.4,1.7,22.6,0.207964602,0.07079646,0.061946903,0.10619469,0.075221239,0.040074197,0.001583007
4.9,2.2,2.7,2.5,1.9,19.3,0.25388601,0.113989637,0.139896373,0.129533679,0.098445596,0.054449487,0.001583622
4.1,1.6,1.9,1.9,2.3,20.9,0.196172249,0.076555024,0.090909091,0.090909091,0.110047847,0.03936639,0.001255633
3.1,1.3,1.7,1.7,2.5,22.4,0.138392857,0.058035714,0.075892857,0.075892857,0.111607143,0.027824383,0.000958697
4.2,1.5,1.8,2.1,2.5,16.6,0.253012048,0.090361446,0.108433735,0.126506024,0.15060241,0.053926172,0.001000757
3.6,2.4,2.4,2.1,2.6,18.5,0.194594595,0.12972973,0.12972973,0.113513514,0.140540541,0.044577417,0.001104826
3.3,2.9,1.6,1.4,2.9,22.8,0.144736842,0.127192982,0.070175439,0.061403509,0.127192982,0.0313638,0.001270917
3.6,2.7,1.3,2.9,2.6,20.6,0.174757282,0.131067961,0.063106796,0.140776699,0.126213592,0.038612001,0.001291125
4.1,1.4,1.7,2.6,2.7,21.2,0.193396226,0.066037736,0.080188679,0.122641509,0.127358491,0.039506104,0.001375058
3.2,2.6,1.2,1.1,1.4,20.9,0.153110048,0.124401914,0.057416268,0.052631579,0.066985646,0.02985574,0.00085293
3.2,1.1,1.1,1.4,1.7,21.7,0.147465438,0.050691244,0.050691244,0.064516129,0.078341014,0.027443662,0.000772857
3.9,1.1,2.5,1.1,2.7,20.7,0.188405797,0.053140097,0.120772947,0.053140097,0.130434783,0.037086641,0.001190523
4.2,2.2,1.9,1.2,2.7,22.4,0.1875,0.098214286,0.084821429,0.053571429,0.120535714,0.037410593,0.001460996
4.9,2.1,2.5,1.4,1.2,21,0.233333333,0.1,0.119047619,0.066666667,0.057142857,0.045586369,0.001559108
4.3,2.6,2.4,1.9,2.4,16.5,0.260606061,0.157575758,0.145454545,0.115151515,0.145454545,0.059290185,0.001125556
3.9,2.5,2.9,1.3,2.5,21.8,0.178899083,0.114678899,0.133027523,0.059633028,0.114678899,0.037752342,0.001444451
3.8,2.2,2.5,2.9,1.9,22.2,0.171171171,0.099099099,0.112612613,0.130630631,0.085585586,0.037093013,0.00145394
3.5,1.8,1.1,2.8,1.3,24,0.145833333,0.075,0.045833333,0.116666667,0.054166667,0.02799524,0.00119028
4.6,1.5,2.3,2.7,2.5,16.7,0.275449102,0.089820359,0.137724551,0.161676647,0.149700599,0.061289009,0.001213615
4.1,1.7,2.9,1.4,1.1,23.3,0.175965665,0.072961373,0.124463519,0.060085837,0.0472103,0.033771547,0.001405998
3.9,2.9,2.6,2.4,2.4,18.3,0.213114754,0.158469945,0.142076503,0.131147541,0.131147541,0.05022496,0.001258994
3.4,1.8,2.3,2.7,1.2,19.2,0.177083333,0.09375,0.119791667,0.140625,0.0625,0.037701259,0.000971643
4.8,1.1,2.4,1.8,2.7,22.2,0.216216216,0.04954955,0.108108108,0.081081081,0.121621622,0.042540596,0.001711147
3.5,2.3,1.7,2.5,1.7,21.8,0.160550459,0.105504587,0.077981651,0.114678899,0.077981651,0.033313264,0.001160446
4.8,2.2,1.3,1.7,1.9,21.1,0.227488152,0.104265403,0.061611374,0.08056872,0.090047393,0.044503224,0.0014997
3.5,1.7,2.8,1.2,2.8,17.3,0.202312139,0.098265896,0.161849711,0.069364162,0.161849711,0.044924417,0.000937817
4.5,1.6,1.5,2.7,1.4,15.6,0.288461538,0.102564103,0.096153846,0.173076923,0.08974359,0.061312421,0.000969818
4.1,2.4,2.7,2.6,2.1,19.8,0.207070707,0.121212121,0.136363636,0.131313131,0.106060606,0.045988895,0.001393966
4.1,1.3,2.2,2.2,1.4,24.3,0.16872428,0.053497942,0.090534979,0.090534979,0.057613169,0.032401546,0.001440889
4.6,1.6,2.6,1.6,1.6,16.6,0.277108434,0.096385542,0.156626506,0.096385542,0.096385542,0.05806377,0.001084927
3.7,1.8,2.3,2.4,1.6,20.3,0.18226601,0.088669951,0.113300493,0.118226601,0.078817734,0.037969939,0.001121068
3.8,1.3,2.2,1.6,1.7,23.7,0.160337553,0.054852321,0.092827004,0.067510549,0.071729958,0.03072776,0.001231533
4.6,1.8,1.9,2.9,2.5,23.2,0.198275862,0.077586207,0.081896552,0.125,0.107758621,0.04043559,0.001822636
3.4,1.8,2.7,2.3,2.2,20.6,0.165048544,0.087378641,0.131067961,0.111650485,0.106796117,0.036396503,0.001141896
3.6,1.2,2.6,1.9,2.2,21.2,0.169811321,0.056603774,0.122641509,0.089622642,0.103773585,0.034610687,0.001139005
4.1,2.9,2.6,1.3,1.8,21.7,0.188940092,0.133640553,0.119815668,0.059907834,0.082949309,0.038678357,0.001445053
3.2,2.4,2.2,1.7,2.2,23.3,0.137339056,0.103004292,0.094420601,0.072961373,0.094420601,0.029217879,0.001177191
3.8,2.7,1.4,2.2,1.9,17.2,0.220930233,0.156976744,0.081395349,0.127906977,0.110465116,0.047850316,0.000963826
4.3,2.9,1.2,2.5,2.5,16.6,0.259036145,0.174698795,0.072289157,0.15060241,0.15060241,0.0585276,0.001141863
4.9,1.5,2.5,2.4,2.6,18,0.272222222,0.083333333,0.138888889,0.133333333,0.144444444,0.058784215,0.001432345
4.2,1.8,1.9,1.6,1.1,16.9,0.24852071,0.106508876,0.112426036,0.094674556,0.065088757,0.049755548,0.000916366
4.9,1.2,1.6,1.4,2.5,17.6,0.278409091,0.068181818,0.090909091,0.079545455,0.142045455,0.05621602,0.001221768
4.9,1.1,2.9,1.3,1.4,22.6,0.216814159,0.048672566,0.128318584,0.057522124,0.061946903,0.041390329,0.00167905
4.2,1.1,1.5,1.8,2.7,16.4,0.256097561,0.067073171,0.091463415,0.109756098,0.164634146,0.053117927,0.000945526
4.5,1.5,2.6,2.8,2.4,22.7,0.198237885,0.066079295,0.114537445,0.123348018,0.105726872,0.041053538,0.001763052
4.6,1.1,1.5,1.4,2.3,16.1,0.285714286,0.068322981,0.093167702,0.086956522,0.142857143,0.058047988,0.000978057
3.3,1.4,1.5,2.9,2.9,18.8,0.175531915,0.074468085,0.079787234,0.154255319,0.154255319,0.038980786,0.001004957
3.7,2.9,1.5,2.9,1.6,17.4,0.212643678,0.166666667,0.086206897,0.166666667,0.091954023,0.047851087,0.001028341
3.5,1.3,1.7,2.5,1.9,19.1,0.183246073,0.068062827,0.089005236,0.130890052,0.09947644,0.037638114,0.000927474
4.6,1.5,2.7,2.5,2.9,16,0.2875,0.09375,0.16875,0.15625,0.18125,0.066931804,0.001200681
4.8,1.3,2.3,1.3,2.1,21.5,0.223255814,0.060465116,0.106976744,0.060465116,0.097674419,0.043175148,0.001533895
4.7,2.7,2.4,1.5,2.9,20.9,0.224880383,0.129186603,0.114832536,0.071770335,0.138755981,0.047688623,0.001704395
3.7,2.4,1.5,2.5,2.5,19.4,0.190721649,0.12371134,0.077319588,0.128865979,0.128865979,0.041476205,0.001148184
4.6,2.1,1.7,2.9,1.3,20.7,0.222222222,0.101449275,0.082125604,0.140096618,0.062801932,0.044761427,0.001490901
4.4,2.9,2.8,2.1,2.4,17.6,0.25,0.164772727,0.159090909,0.119318182,0.136363636,0.057995637,0.001337461
4.7,1.1,1.9,2.2,2.1,24.5,0.191836735,0.044897959,0.07755102,0.089795918,0.085714286,0.036477586,0.001766333
3.1,1.6,2.2,1.2,1.9,21.7,0.142857143,0.073732719,0.101382488,0.055299539,0.087557604,0.028431445,0.000889045
4.1,1.2,2.6,2.2,2.3,23.9,0.171548117,0.050209205,0.108786611,0.092050209,0.09623431,0.034090973,0.001565104
3.8,2.5,1.7,1.8,2.7,16.6,0.228915663,0.15060241,0.102409639,0.108433735,0.162650602,0.051657499,0.000961039
3.5,2.4,1.1,2.6,1.8,18.2,0.192307692,0.131868132,0.06043956,0.142857143,0.098901099,0.040558862,0.000931245
4.8,1.7,1.2,2.8,2.4,17.1,0.280701754,0.099415205,0.070175439,0.16374269,0.140350877,0.059654506,0.001253058
3.6,2.9,1.1,1.6,1.9,18.2,0.197802198,0.159340659,0.06043956,0.087912088,0.104395604,0.041387254,0.000933977
3.5,1.4,2.2,1.3,1.1,16.1,0.217391304,0.086956522,0.136645963,0.080745342,0.068322981,0.043536646,0.000667072
4.6,1.9,1.7,2.5,2.8,21.3,0.215962441,0.089201878,0.079812207,0.117370892,0.131455399,0.044597698,0.001623602
3.1,2.7,2.8,1.1,2.6,19.2,0.161458333,0.140625,0.145833333,0.057291667,0.135416667,0.037123448,0.001027611
4.3,2.9,1.1,1.5,1.4,22.6,0.190265487,0.128318584,0.048672566,0.066371681,0.061946903,0.036494136,0.001423328
4.4,1.7,2.7,1.6,2.2,15.2,0.289473684,0.111842105,0.177631579,0.105263158,0.144736842,0.064355566,0.000969494
3.2,1.2,1.2,2.8,1.3,19.7,0.162436548,0.060913706,0.060913706,0.14213198,0.065989848,0.032243647,0.000823114
4.3,2.2,1.6,1.3,2.8,20.6,0.208737864,0.106796117,0.077669903,0.063106796,0.13592233,0.042374201,0.001355543
4.6,2.8,1.5,2.8,2.5,15.9,0.289308176,0.176100629,0.094339623,0.176100629,0.157232704,0.067557929,0.001190868
4.3,2.2,1.6,2.1,1.4,20.9,0.205741627,0.105263158,0.076555024,0.100478469,0.066985646,0.040505313,0.001298085
4.9,1.3,1.6,1.7,1.8,20.6,0.237864078,0.063106796,0.077669903,0.082524272,0.087378641,0.045973241,0.001434221
4.8,1.4,2.3,1.2,1.5,24.7,0.194331984,0.056680162,0.093117409,0.048582996,0.060728745,0.036187226,0.001737221
4.6,2.6,1.7,2.1,1.1,23.4,0.196581197,0.111111111,0.072649573,0.08974359,0.047008547,0.037794911,0.001661217
3.9,2.7,2.3,1.3,1.5,19,0.205263158,0.142105263,0.121052632,0.068421053,0.078947368,0.042240004,0.001089684
4.3,1.3,1.8,2.3,1.5,17.8,0.241573034,0.073033708,0.101123596,0.129213483,0.084269663,0.048834258,0.001045649
4.7,2.3,1.6,2.4,2.3,18.4,0.255434783,0.125,0.086956522,0.130434783,0.125,0.054116027,0.001359243
4.5,2.1,2.1,2.1,2.1,24.6,0.182926829,0.085365854,0.085365854,0.085365854,0.085365854,0.036288885,0.001785394
4.1,1.8,2.3,2.3,1.5,21.5,0.190697674,0.08372093,0.106976744,0.106976744,0.069767442,0.038438226,0.001324754
4.6,1.3,1.7,2.8,1.7,19.1,0.240837696,0.068062827,0.089005236,0.146596859,0.089005236,0.048829791,0.001307471
3.2,1.1,2.3,1.6,1.9,18,0.177777778,0.061111111,0.127777778,0.088888889,0.105555556,0.036422584,0.000747608
3.6,2.3,2.6,2.2,1.6,23,0.156521739,0.1,0.113043478,0.095652174,0.069565217,0.03273327,0.001333531
3.3,1.6,2.8,2.6,1.2,21.8,0.151376147,0.073394495,0.128440367,0.119266055,0.055045872,0.031992044,0.001130914
3.1,1.1,1.6,2.5,1.6,16.5,0.187878788,0.066666667,0.096969697,0.151515152,0.096969697,0.039447834,0.000651105
4.2,1.8,1.7,2.7,2.3,15.7,0.267515924,0.114649682,0.108280255,0.171974522,0.146496815,0.059745122,0.000977444
3.6,1.8,1.1,2.8,1.9,19.2,0.1875,0.09375,0.057291667,0.145833333,0.098958333,0.038376748,0.000996227
4.5,2.8,1.6,2.3,1.2,22,0.204545455,0.127272727,0.072727273,0.104545455,0.054545455,0.040344652,0.001551934
3.8,1.2,1.5,2.5,1.4,24.6,0.154471545,0.048780488,0.06097561,0.101626016,0.056910569,0.029206735,0.001281788
4.6,2.6,1.8,1.3,1.1,24.5,0.187755102,0.106122449,0.073469388,0.053061224,0.044897959,0.035158906,0.001678943
3.2,1.9,1.1,1.1,2.5,23.3,0.137339056,0.081545064,0.0472103,0.0472103,0.107296137,0.02672765,0.000992658
4.2,2.2,1.8,1.3,2.3,15.1,0.278145695,0.145695364,0.119205298,0.086092715,0.152317881,0.060463335,0.000872138
4.9,2.6,1.5,1.7,2.5,18.3,0.267759563,0.142076503,0.081967213,0.092896175,0.136612022,0.056485155,0.001405097
3.5,1.1,2.9,1.2,1.1,21,0.166666667,0.052380952,0.138095238,0.057142857,0.052380952,0.032168028,0.000977112
4.2,1.1,1.6,1.9,2.4,23.2,0.181034483,0.047413793,0.068965517,0.081896552,0.103448276,0.034520101,0.001402986
4.6,2.2,1.5,2.8,1.7,18.5,0.248648649,0.118918919,0.081081081,0.151351351,0.091891892,0.051884899,0.00131037
3.5,2.3,2.4,1.4,1.3,16.1,0.217391304,0.142857143,0.149068323,0.086956522,0.080745342,0.046353498,0.000761505
3.4,1.1,2.8,2.4,2.5,16.1,0.211180124,0.068322981,0.173913043,0.149068323,0.155279503,0.049219488,0.000857256
4.7,2.3,1.7,2.3,2.1,16,0.29375,0.14375,0.10625,0.14375,0.13125,0.06442797,0.001123819
4.4,1.7,1.4,2.6,2.7,21,0.20952381,0.080952381,0.066666667,0.123809524,0.128571429,0.042624896,0.001473995
4.1,1.9,2.3,1.3,2.8,18.3,0.224043716,0.103825137,0.12568306,0.071038251,0.153005464,0.047444266,0.001144056
4.1,1.8,2.6,2.1,2.6,18.1,0.226519337,0.099447514,0.143646409,0.116022099,0.143646409,0.049854823,0.001186268
3.7,2.1,1.8,1.2,1.8,18.5,0.2,0.113513514,0.097297297,0.064864865,0.097297297,0.040199178,0.000903475
3.6,2.4,2.2,1.5,2.3,23.1,0.155844156,0.103896104,0.095238095,0.064935065,0.0995671,0.032147414,0.001301733
4.8,1.2,1.2,2.8,2.8,24.7,0.194331984,0.048582996,0.048582996,0.113360324,0.113360324,0.037234239,0.001970919
4.5,1.9,2.2,2.1,2.7,17.7,0.254237288,0.107344633,0.124293785,0.118644068,0.152542373,0.05530012,0.001255737
3.1,1.5,2.3,2.4,2.4,21.7,0.142857143,0.069124424,0.105990783,0.110599078,0.110599078,0.031095635,0.001074787
3.5,1.2,1.9,1.8,1.5,23.4,0.14957265,0.051282051,0.081196581,0.076923077,0.064102564,0.028598939,0.001052542
3.6,2.8,2.5,2.1,2.7,18,0.2,0.155555556,0.138888889,0.116666667,0.15,0.047948928,0.001133834
3.8,2.1,2.6,2.5,2.6,16,0.2375,0.13125,0.1625,0.15625,0.1625,0.057375518,0.00099769
4.5,1.6,2.6,1.4,2.3,23.3,0.193133047,0.068669528,0.111587983,0.060085837,0.098712446,0.037765929,0.001644324
3.6,2.7,2.1,2.6,2.6,18.7,0.192513369,0.144385027,0.112299465,0.139037433,0.139037433,0.04523282,0.001174935
3.3,1.8,1.5,2.5,1.5,24.5,0.134693878,0.073469388,0.06122449,0.102040816,0.06122449,0.026616497,0.001142217
4.2,2.2,2.2,2.1,1.3,20.3,0.206896552,0.108374384,0.108374384,0.103448276,0.064039409,0.041718059,0.001266937
4.1,1.5,2.2,2.8,1.3,23.7,0.172995781,0.063291139,0.092827004,0.11814346,0.054852321,0.034164379,0.001499488
3.6,1.3,2.4,2.4,2.2,22.5,0.16,0.057777778,0.106666667,0.106666667,0.097777778,0.032913665,0.001260329
3.9,1.1,2.6,2.5,2.8,20.8,0.1875,0.052884615,0.125,0.120192308,0.134615385,0.039522005,0.001353007
4.3,2.2,1.6,1.7,2.3,19.7,0.218274112,0.111675127,0.081218274,0.086294416,0.116751269,0.044474779,0.00125386
4.5,1.1,1.4,1.5,2.5,22.5,0.2,0.048888889,0.062222222,0.066666667,0.111111111,0.037823676,0.00144232
4.5,2.4,1.8,1.4,2.3,23.9,0.188284519,0.10041841,0.075313808,0.058577406,0.09623431,0.03692297,0.001685245
4.3,2.8,2.9,1.1,2.7,19.6,0.219387755,0.142857143,0.147959184,0.056122449,0.137755102,0.047477825,0.001455077
3.3,1.3,2.5,2.7,2.7,20.9,0.157894737,0.062200957,0.119617225,0.129186603,0.129186603,0.035009409,0.001178442
4.5,2.5,2.9,1.5,2.6,22.1,0.20361991,0.113122172,0.131221719,0.067873303,0.117647059,0.042588043,0.001735079
3.2,1.8,2.2,1.6,1.9,21.4,0.14953271,0.08411215,0.102803738,0.074766355,0.088785047,0.030733813,0.000956129
3.6,1.8,2.6,1.6,2.8,16.2,0.222222222,0.111111111,0.160493827,0.098765432,0.172839506,0.051121541,0.000896703
3.8,1.9,2.5,1.1,2.2,21.6,0.175925926,0.087962963,0.115740741,0.050925926,0.101851852,0.035024175,0.001214174
4.7,1.3,1.4,1.4,1.7,19.5,0.241025641,0.066666667,0.071794872,0.071794872,0.087179487,0.046356508,0.001221419
4.5,2.5,1.7,1.9,1.5,23.4,0.192307692,0.106837607,0.072649573,0.081196581,0.064102564,0.03737999,0.001607356
4.3,2.7,2.4,2.5,1.6,18.6,0.231182796,0.14516129,0.129032258,0.134408602,0.086021505,0.050370575,0.001304504
3.9,2.6,2.3,2.6,1.5,19.6,0.198979592,0.132653061,0.117346939,0.132653061,0.076530612,0.042956553,0.001237932
4.6,2.6,1.7,2.3,1.1,17.9,0.25698324,0.145251397,0.094972067,0.12849162,0.061452514,0.052947482,0.001224441
3.8,2.5,2.8,1.8,2.7,19.9,0.190954774,0.125628141,0.140703518,0.090452261,0.135678392,0.042970346,0.00131296
4.9,1.2,1.4,2.8,1.1,23.2,0.211206897,0.051724138,0.060344828,0.120689655,0.047413793,0.039977621,0.001708273
4.1,2.5,1.9,1.2,2.8,20.5,0.2,0.12195122,0.092682927,0.058536585,0.136585366,0.041469001,0.001329062
4.8,1.9,2.5,1.5,1.5,22.8,0.210526316,0.083333333,0.109649123,0.065789474,0.065789474,0.040788643,0.001679631
4.2,2.5,2.8,2.2,1.9,23.9,0.175732218,0.10460251,0.117154812,0.092050209,0.079497908,0.036522451,0.001735057
3.8,1.4,2.4,1.7,2.2,16.2,0.234567901,0.086419753,0.148148148,0.104938272,0.135802469,0.05028891,0.000854428
4.8,2.9,1.1,1.2,1.9,23.7,0.202531646,0.122362869,0.046413502,0.050632911,0.080168776,0.038791516,0.001766899
4.4,2.8,2.3,1.3,1.6,21.2,0.20754717,0.132075472,0.108490566,0.061320755,0.075471698,0.041551677,0.001452034
4.5,1.9,2.2,2.9,2.8,24,0.1875,0.079166667,0.091666667,0.120833333,0.116666667,0.039067408,0.001943338
4.6,1.5,2.9,1.3,2.8,18.3,0.25136612,0.081967213,0.158469945,0.071038251,0.153005464,0.053210359,0.001340564
4.6,2.6,2.6,2.8,2.2,18.5,0.248648649,0.140540541,0.140540541,0.151351351,0.118918919,0.056285979,0.001484852
4.5,1.8,1.9,2.2,2.1,16.6,0.271084337,0.108433735,0.114457831,0.13253012,0.126506024,0.057869365,0.001086081
4.4,2.3,2.2,1.3,1.4,21.1,0.208530806,0.109004739,0.104265403,0.061611374,0.066350711,0.040727068,0.001352179
3.5,1.4,1.7,1.6,1.2,23.6,0.148305085,0.059322034,0.072033898,0.06779661,0.050847458,0.027847646,0.00100987
3.6,2.4,2.5,2.2,2.3,20.8,0.173076923,0.115384615,0.120192308,0.105769231,0.110576923,0.038270053,0.001256004
4.9,1.1,2.8,2.6,1.3,18.1,0.270718232,0.060773481,0.154696133,0.143646409,0.071823204,0.056729343,0.001373281
3.6,2.9,1.2,1.4,2.2,23.8,0.151260504,0.121848739,0.050420168,0.058823529,0.092436975,0.030240362,0.001301646
3.9,2.3,1.1,2.6,1.5,22.5,0.173333333,0.102222222,0.048888889,0.115555556,0.066666667,0.033829692,0.001299579
3.4,1.1,2.4,1.7,1.3,24.1,0.141078838,0.045643154,0.099585062,0.070539419,0.053941909,0.026986299,0.001081424
3.7,2.3,1.7,1.5,2.4,16,0.23125,0.14375,0.10625,0.09375,0.15,0.050675315,0.000831485
4.1,1.7,2.5,2.8,2.3,18.8,0.218085106,0.090425532,0.132978723,0.14893617,0.122340426,0.048066559,0.001266709
3.6,1.6,1.3,1.7,2.3,17.4,0.206896552,0.091954023,0.074712644,0.097701149,0.132183908,0.042284415,0.00081538
3.6,2.2,2.3,1.5,1.1,18.2,0.197802198,0.120879121,0.126373626,0.082417582,0.06043956,0.04009614,0.000884879
3.8,1.2,2.2,1.2,1.3,24.1,0.157676349,0.049792531,0.091286307,0.049792531,0.053941909,0.029196167,0.001173778
3.2,1.9,1.7,1.5,2.4,15.7,0.203821656,0.121019108,0.108280255,0.095541401,0.152866242,0.044818684,0.000670925
4.7,1.2,2.1,2.8,1.1,24.6,0.191056911,0.048780488,0.085365854,0.113821138,0.044715447,0.036427476,0.001800869
4.3,1.9,1.3,1.7,1.1,22.6,0.190265487,0.084070796,0.057522124,0.075221239,0.048672566,0.035537045,0.001297549
3.4,1.2,2.8,1.5,2.1,22.6,0.150442478,0.053097345,0.123893805,0.066371681,0.092920354,0.030115212,0.001133866
4.3,1.9,2.2,2.9,2.8,22.2,0.193693694,0.085585586,0.099099099,0.130630631,0.126126126,0.041350354,0.001689335
3.7,2.1,1.8,2.5,2.5,19.8,0.186868687,0.106060606,0.090909091,0.126262626,0.126262626,0.040518057,0.001167824
4.1,2.6,1.5,2.5,1.8,21.7,0.188940092,0.119815668,0.069124424,0.115207373,0.082949309,0.038509311,0.001403112
4.4,1.7,2.8,2.2,2.7,22.2,0.198198198,0.076576577,0.126126126,0.099099099,0.121621622,0.04149172,0.001681243
3.1,1.5,1.5,1.8,1.7,18.3,0.169398907,0.081967213,0.081967213,0.098360656,0.092896175,0.034245351,0.000690098
3.7,1.3,2.6,2.7,1.5,21.7,0.170506912,0.059907834,0.119815668,0.124423963,0.069124424,0.035173972,0.001242786
3.3,1.1,2.3,1.7,2.9,24.3,0.135802469,0.04526749,0.094650206,0.069958848,0.119341564,0.02727134,0.001252319
3.4,2.1,1.4,1.5,1.8,17.1,0.198830409,0.122807018,0.081871345,0.087719298,0.105263158,0.04088633,0.000736214
3.8,1.5,1.7,1.8,1.4,16.2,0.234567901,0.092592593,0.104938272,0.111111111,0.086419753,0.047557911,0.000759173
4.1,2.3,1.6,2.6,2.3,18.5,0.221621622,0.124324324,0.086486486,0.140540541,0.124324324,0.0477651,0.001191071
4.4,1.8,2.9,1.3,1.7,24.7,0.178137652,0.072874494,0.117408907,0.052631579,0.068825911,0.034305327,0.001699698
3.3,1.9,1.7,1.7,1.2,22.6,0.146017699,0.084070796,0.075221239,0.075221239,0.053097345,0.028242654,0.000949672
3.4,2.7,1.7,2.8,2.7,18.8,0.180851064,0.143617021,0.090425532,0.14893617,0.143617021,0.042852234,0.001129578
4.3,1.4,1.6,1.3,1.2,23,0.186956522,0.060869565,0.069565217,0.056521739,0.052173913,0.034565389,0.00127263
4.6,2.6,1.7,1.1,1.1,24.9,0.184738956,0.104417671,0.068273092,0.044176707,0.044176707,0.034232241,0.001684224
3.9,2.7,1.2,2.2,1.7,17.5,0.222857143,0.154285714,0.068571429,0.125714286,0.097142857,0.046885868,0.000986446
3.3,2.7,2.5,1.9,2.4,21.9,0.150684932,0.123287671,0.114155251,0.086757991,0.109589041,0.03386757,0.00125573
4.4,1.5,2.9,2.2,1.3,16.7,0.263473054,0.089820359,0.173652695,0.131736527,0.077844311,0.056734754,0.001085196
3.9,1.7,2.5,2.2,2.7,18.1,0.215469613,0.093922652,0.138121547,0.121546961,0.149171271,0.047786142,0.001129198
4.3,2.1,1.8,2.5,2.9,18.7,0.229946524,0.112299465,0.096256684,0.13368984,0.155080214,0.050359198,0.001322752
3.2,2.8,2.1,1.1,2.3,24.8,0.129032258,0.112903226,0.084677419,0.044354839,0.092741935,0.026617234,0.001276974
4.6,1.9,1.7,1.8,2.5,16.8,0.273809524,0.113095238,0.101190476,0.107142857,0.148809524,0.058120799,0.001130292
4.9,2.9,1.9,1.1,1.6,16.8,0.291666667,0.172619048,0.113095238,0.06547619,0.095238095,0.061449822,0.001218727
4.5,2.4,2.6,1.4,1.5,17,0.264705882,0.141176471,0.152941176,0.082352941,0.088235294,0.055935592,0.00112935
4.6,1.2,2.5,1.1,2.4,16.6,0.277108434,0.072289157,0.15060241,0.06626506,0.144578313,0.057382477,0.001087743
4.5,1.1,2.2,2.6,1.4,20.1,0.223880597,0.054726368,0.109452736,0.129353234,0.069651741,0.044624367,0.001339555
4.2,2.5,2.8,1.9,2.9,23.1,0.181818182,0.108225108,0.121212121,0.082251082,0.125541126,0.039117165,0.00176837
4.8,1.9,1.2,1.9,1.3,24,0.2,0.079166667,0.05,0.079166667,0.054166667,0.037338614,0.00166289
3.8,2.4,1.6,1.7,1.9,22.5,0.168888889,0.106666667,0.071111111,0.075555556,0.084444444,0.033664668,0.001242642
3.2,1.5,2.8,2.9,1.7,17.2,0.186046512,0.087209302,0.162790698,0.168604651,0.098837209,0.04408698,0.000890415
3.9,2.5,2.3,2.7,1.1,16.9,0.230769231,0.147928994,0.136094675,0.159763314,0.065088757,0.050895237,0.001014605
3.6,2.6,1.5,2.7,1.8,21.1,0.170616114,0.123222749,0.071090047,0.127962085,0.085308057,0.035981348,0.001208289
4.7,1.1,1.5,2.3,1.6,19.4,0.242268041,0.056701031,0.077319588,0.118556701,0.082474227,0.047401673,0.001278685
4.1,2.2,2.4,1.3,1.3,17.1,0.239766082,0.128654971,0.140350877,0.076023392,0.076023392,0.04921034,0.000966183
4.6,1.2,2.3,2.3,2.7,19,0.242105263,0.063157895,0.121052632,0.121052632,0.142105263,0.05048522,0.001386019
4.8,2.9,1.7,1.1,2.6,15.9,0.301886792,0.182389937,0.106918239,0.06918239,0.163522013,0.067195391,0.001166805
4.5,1.9,1.5,1.7,1.3,17.3,0.260115607,0.10982659,0.086705202,0.098265896,0.075144509,0.051993588,0.001031698
4.7,2.8,1.3,1.1,2.9,23.8,0.197478992,0.117647059,0.054621849,0.046218487,0.121848739,0.038917781,0.001858748
4.5,2.7,1.1,1.8,2.2,22.1,0.20361991,0.122171946,0.049773756,0.081447964,0.099547511,0.040263883,0.001546976
4.3,2.3,2.1,2.4,1.3,23,0.186956522,0.1,0.091304348,0.104347826,0.056521739,0.037071397,0.001548275
3.7,2.5,1.1,2.9,2.4,22.1,0.167420814,0.113122172,0.049773756,0.131221719,0.108597285,0.034909732,0.001367936
3.4,2.8,1.6,2.7,1.9,16.6,0.204819277,0.168674699,0.096385542,0.162650602,0.114457831,0.047880317,0.000894103
3.7,2.2,1.9,2.3,1.3,24.2,0.152892562,0.090909091,0.078512397,0.095041322,0.053719008,0.030164641,0.001327806
4.6,1.3,2.3,2.8,1.8,16.1,0.285714286,0.080745342,0.142857143,0.173913043,0.111801242,0.06263,0.001107557
3.6,1.3,2.2,2.5,2.1,17.1,0.210526316,0.076023392,0.128654971,0.14619883,0.122807018,0.04573411,0.000895128
4.2,2.3,1.3,1.7,2.1,19.8,0.212121212,0.116161616,0.065656566,0.085858586,0.106060606,0.042588105,0.001194754
4.8,1.1,1.2,2.2,1.4,21.1,0.227488152,0.052132701,0.056872038,0.104265403,0.066350711,0.04311942,0.001407735
3.2,1.2,1.6,1.2,1.6,18.5,0.172972973,0.064864865,0.086486486,0.064864865,0.086486486,0.033363471,0.000662856
4.8,1.3,1.6,2.8,2.9,20.8,0.230769231,0.0625,0.076923077,0.134615385,0.139423077,0.047077116,0.001655547
4.8,1.8,2.6,1.6,1.8,17,0.282352941,0.105882353,0.152941176,0.094117647,0.105882353,0.059509982,0.001205634
3.4,2.9,1.8,2.3,1.1,15.1,0.225165563,0.19205298,0.119205298,0.152317881,0.072847682,0.051387685,0.000741726
4.7,2.7,1.1,1.5,1.6,20.2,0.232673267,0.133663366,0.054455446,0.074257426,0.079207921,0.045730424,0.001389942
4.2,2.2,2.3,2.3,1.9,22.3,0.188340807,0.098654709,0.103139013,0.103139013,0.085201794,0.038697158,0.001504429
4.2,2.9,2.3,2.1,2.5,16,0.2625,0.18125,0.14375,0.13125,0.15625,0.062364943,0.001099008
4.2,1.5,2.9,1.7,2.2,16.8,0.25,0.089285714,0.172619048,0.101190476,0.130952381,0.054319868,0.001057431
4.8,1.5,1.9,2.8,2.7,19.8,0.242424242,0.075757576,0.095959596,0.141414141,0.136363636,0.050765665,0.001571456
4.6,1.4,1.7,2.7,1.4,20.9,0.220095694,0.066985646,0.081339713,0.129186603,0.066985646,0.043356686,0.001426101
4.6,1.8,1.3,1.4,2.3,17.8,0.258426966,0.101123596,0.073033708,0.078651685,0.129213483,0.052147634,0.001136984
4.9,2.6,1.1,2.2,2.4,20.2,0.242574257,0.128712871,0.054455446,0.108910891,0.118811881,0.049465294,0.001594972
4.9,2.2,1.4,1.9,1.5,18.3,0.267759563,0.120218579,0.076502732,0.103825137,0.081967213,0.053900802,0.001291546
3.8,1.2,1.7,2.8,1.1,21.2,0.179245283,0.056603774,0.080188679,0.132075472,0.051886792,0.035046881,0.001121799
3.4,2.4,1.1,2.2,2.8,21,0.161904762,0.114285714,0.052380952,0.104761905,0.133333333,0.034355298,0.001141143
3.2,2.8,2.2,2.5,2.5,18.7,0.171122995,0.14973262,0.117647059,0.13368984,0.13368984,0.041710811,0.001068755
3.2,2.7,1.1,2.1,1.5,23.6,0.13559322,0.11440678,0.046610169,0.088983051,0.063559322,0.026918842,0.001095647
3.3,1.8,2.5,1.3,2.7,23.8,0.138655462,0.075630252,0.105042017,0.054621849,0.113445378,0.028564905,0.001244491
4.6,1.1,1.4,2.9,2.8,21.7,0.211981567,0.050691244,0.064516129,0.133640553,0.129032258,0.042172942,0.001627879
3.6,2.1,1.2,1.5,1.4,19.4,0.18556701,0.108247423,0.06185567,0.077319588,0.072164948,0.036067037,0.000868944
4.6,1.7,1.2,2.4,1.1,16.6,0.277108434,0.102409639,0.072289157,0.144578313,0.06626506,0.056033641,0.001026642
4.2,1.8,2.3,2.5,1.8,22.2,0.189189189,0.081081081,0.103603604,0.112612613,0.081081081,0.038542594,0.001469049
4.3,2.8,2.1,1.5,1.1,19,0.226315789,0.147368421,0.110526316,0.078947368,0.057894737,0.045666923,0.001202032
4.6,2.8,2.7,1.2,2.4,17.6,0.261363636,0.159090909,0.153409091,0.068181818,0.136363636,0.057352928,0.001319827
3.6,1.4,2.4,2.2,1.5,23.5,0.153191489,0.059574468,0.10212766,0.093617021,0.063829787,0.030455214,0.001227078
4.4,1.5,2.2,1.6,1.3,19.7,0.223350254,0.076142132,0.111675127,0.081218274,0.065989848,0.043662327,0.001189728
4.8,1.7,1.1,2.7,1.7,17.9,0.268156425,0.094972067,0.061452514,0.150837989,0.094972067,0.054517258,0.001254161
3.5,1.5,1.7,1.3,2.6,24.7,0.141700405,0.060728745,0.068825911,0.052631579,0.105263158,0.027466949,0.001217495
4.9,2.9,2.6,1.1,2.2,23.2,0.211206897,0.125,0.112068966,0.047413793,0.094827586,0.042142127,0.001955436
4.5,1.4,2.4,1.3,2.6,18.5,0.243243243,0.075675676,0.12972973,0.07027027,0.140540541,0.049740851,0.001240959
4.9,1.9,1.6,1.5,1.4,21.5,0.227906977,0.088372093,0.074418605,0.069767442,0.065116279,0.043682415,0.001508653
3.8,2.4,2.6,2.7,2.6,21.9,0.173515982,0.109589041,0.118721461,0.123287671,0.118721461,0.039103406,0.001523802
4.8,2.4,1.8,1.5,2.7,19.5,0.246153846,0.123076923,0.092307692,0.076923077,0.138461538,0.051149211,0.001489429
3.6,1.4,1.2,1.2,1.3,19.6,0.183673469,0.071428571,0.06122449,0.06122449,0.066326531,0.034415438,0.000791554
4.8,1.2,1.5,2.3,1.5,23.1,0.207792208,0.051948052,0.064935065,0.0995671,0.064935065,0.03932786,0.001616355
3.5,1.3,1.3,2.7,1.5,19,0.184210526,0.068421053,0.068421053,0.142105263,0.078947368,0.036919633,0.000885784
4.2,2.1,1.3,2.1,2.7,17,0.247058824,0.123529412,0.076470588,0.123529412,0.158823529,0.053129136,0.001062389
3.8,1.4,2.5,2.2,2.4,17.7,0.214689266,0.079096045,0.141242938,0.124293785,0.13559322,0.046705518,0.001020813
3.6,2.7,1.5,1.5,1.4,23.3,0.154506438,0.115879828,0.064377682,0.064377682,0.060085837,0.030108435,0.001182413
4.6,2.4,1.5,2.4,2.5,22.9,0.200873362,0.104803493,0.065502183,0.104803493,0.109170306,0.040650779,0.001754006
4.9,1.8,2.1,1.6,2.5,17.8,0.275280899,0.101123596,0.117977528,0.08988764,0.140449438,0.057604767,0.001323839
4.7,1.2,1.2,1.4,2.5,23.5,0.2,0.05106383,0.05106383,0.059574468,0.106382979,0.03743951,0.001595298
3.4,2.2,2.5,1.9,1.4,20.5,0.165853659,0.107317073,0.12195122,0.092682927,0.068292683,0.034664598,0.001032775
4.4,1.7,1.5,2.6,2.3,24.2,0.181818182,0.070247934,0.061983471,0.107438017,0.095041322,0.035667141,0.001689693
3.3,1.9,2.8,2.9,1.9,20.7,0.15942029,0.09178744,0.1352657,0.140096618,0.09178744,0.036548139,0.001190976
3.2,2.6,2.3,1.7,2.6,20.9,0.153110048,0.124401914,0.110047847,0.081339713,0.124401914,0.034547491,0.001128272
4.8,2.5,1.8,1.2,2.8,21.9,0.219178082,0.114155251,0.082191781,0.054794521,0.127853881,0.044102682,0.001718706
3.9,2.3,1.2,2.9,2.3,22.5,0.173333333,0.102222222,0.053333333,0.128888889,0.102222222,0.035472973,0.001438222
4.5,2.3,2.6,1.5,1.9,23.5,0.191489362,0.09787234,0.110638298,0.063829787,0.080851064,0.037936828,0.001700111
3.1,1.7,2.7,1.1,2.9,20.4,0.151960784,0.083333333,0.132352941,0.053921569,0.142156863,0.03274525,0.001018521
3.6,2.1,1.8,2.5,1.7,20.9,0.172248804,0.100478469,0.086124402,0.119617225,0.081339713,0.035748544,0.001124287
3.8,2.5,1.5,1.1,2.6,22.5,0.168888889,0.111111111,0.066666667,0.048888889,0.115555556,0.033780907,0.001290107
3.2,1.9,1.3,2.5,2.3,18,0.177777778,0.105555556,0.072222222,0.138888889,0.127777778,0.038602632,0.000839613
4.3,1.8,1.5,1.3,2.2,18.9,0.227513228,0.095238095,0.079365079,0.068783069,0.116402116,0.045174929,0.001113441
4.4,2.6,1.2,2.1,1.5,16.8,0.261904762,0.154761905,0.071428571,0.125,0.089285714,0.054493439,0.001048653
3.1,2.5,2.3,2.2,2.1,16.4,0.18902439,0.152439024,0.140243902,0.134146341,0.12804878,0.045611665,0.00080727
3.4,2.6,1.3,1.2,2.6,17.3,0.196531792,0.150289017,0.075144509,0.069364162,0.150289017,0.042659339,0.00084675
4.2,1.9,1.4,1.8,2.1,19.9,0.211055276,0.095477387,0.070351759,0.090452261,0.105527638,0.041996784,0.001176278
4.2,1.3,2.1,1.8,1.9,19.5,0.215384615,0.066666667,0.107692308,0.092307692,0.097435897,0.042817464,0.001141921
4.3,1.2,2.4,2.8,1.6,17.3,0.248554913,0.069364162,0.138728324,0.161849711,0.092485549,0.053125129,0.001111677
3.4,2.4,2.5,2.9,1.2,24.5,0.13877551,0.097959184,0.102040816,0.118367347,0.048979592,0.029215207,0.001432183
3.2,2.8,1.8,1.4,1.1,24.2,0.132231405,0.115702479,0.074380165,0.05785124,0.045454545,0.02577542,0.00109768
3.5,1.8,2.1,1.6,2.9,18.4,0.190217391,0.097826087,0.114130435,0.086956522,0.157608696,0.041510839,0.000980611
3.7,1.2,1.1,2.9,1.3,24.7,0.149797571,0.048582996,0.044534413,0.117408907,0.052631579,0.028071905,0.001271892
3.5,2.1,2.2,1.1,1.8,21.1,0.165876777,0.099526066,0.104265403,0.052132701,0.085308057,0.032917924,0.001020954
3.5,2.3,1.3,1.4,1.3,18.6,0.188172043,0.123655914,0.069892473,0.075268817,0.069892473,0.037060562,0.000811606
4.4,2.2,2.8,1.5,2.7,15.5,0.283870968,0.141935484,0.180645161,0.096774194,0.174193548,0.065838573,0.001069267
4.9,1.8,2.6,2.2,1.6,18.2,0.269230769,0.098901099,0.142857143,0.120879121,0.087912088,0.056548555,0.001380269
4.5,2.6,1.9,1.5,1.1,21.5,0.209302326,0.120930233,0.088372093,0.069767442,0.051162791,0.040513249,0.001424629
3.8,2.2,1.8,1.5,2.8,16,0.2375,0.1375,0.1125,0.09375,0.175,0.053182464,0.000891298
4.8,1.7,2.8,2.1,1.4,23.2,0.206896552,0.073275862,0.120689655,0.090517241,0.060344828,0.040795686,0.001792635
3.1,1.3,2.2,1.5,2.9,22.4,0.138392857,0.058035714,0.098214286,0.066964286,0.129464286,0.028612638,0.001059348
3.1,2.1,2.5,2.8,1.3,23.4,0.132478632,0.08974359,0.106837607,0.11965812,0.055555556,0.028598535,0.001206278
3.8,1.2,1.7,1.8,1.9,23.8,0.159663866,0.050420168,0.071428571,0.075630252,0.079831933,0.03032794,0.00121262
4.8,2.9,2.8,2.7,1.9,17.8,0.269662921,0.162921348,0.157303371,0.151685393,0.106741573,0.061893173,0.001496586
3.9,1.3,2.7,1.9,2.2,22.6,0.172566372,0.057522124,0.119469027,0.084070796,0.097345133,0.034700733,0.001361738
3.7,1.4,2.2,1.5,2.5,23.3,0.158798283,0.060085837,0.094420601,0.064377682,0.107296137,0.031310107,0.001267414
3.9,1.4,1.6,2.1,1.1,19.5,0.2,0.071794872,0.082051282,0.107692308,0.056410256,0.038735574,0.000972742
4.9,1.1,1.5,2.1,1.2,24.5,0.2,0.044897959,0.06122449,0.085714286,0.048979592,0.037044703,0.001723553
3.6,1.5,1.8,1.8,1.1,21.1,0.170616114,0.071090047,0.085308057,0.085308057,0.052132701,0.032729962,0.000953859
3.4,1.4,1.5,1.2,2.1,21,0.161904762,0.066666667,0.071428571,0.057142857,0.1,0.031204357,0.00088515
3.5,1.9,2.4,1.8,2.5,22.4,0.15625,0.084821429,0.107142857,0.080357143,0.111607143,0.032884042,0.001241292
4.2,1.4,1.1,2.8,1.9,24.6,0.170731707,0.056910569,0.044715447,0.113821138,0.077235772,0.032338729,0.001546499
4.2,2.1,2.4,1.5,2.2,19.4,0.216494845,0.108247423,0.12371134,0.077319588,0.113402062,0.044828348,0.001234598
4.1,1.2,1.4,1.6,2.8,21.7,0.188940092,0.055299539,0.064516129,0.073732719,0.129032258,0.036615708,0.001276749
4.8,1.6,2.8,1.4,2.9,21.5,0.223255814,0.074418605,0.130232558,0.065116279,0.134883721,0.045359233,0.001729851
4.7,1.8,2.2,2.1,2.3,21.1,0.222748815,0.085308057,0.104265403,0.099526066,0.109004739,0.045286902,0.001577079
3.1,2.3,2.3,2.1,1.5,23.3,0.13304721,0.098712446,0.098712446,0.090128755,0.064377682,0.028030728,0.001110385
3.5,2.4,2.2,1.3,2.1,17.2,0.203488372,0.139534884,0.127906977,0.075581395,0.122093023,0.044045349,0.000865901
3.9,2.5,1.2,1.8,1.8,21.6,0.180555556,0.115740741,0.055555556,0.083333333,0.083333333,0.035620634,0.00120454
3.8,2.9,2.9,1.9,2.2,18.9,0.201058201,0.153439153,0.153439153,0.100529101,0.116402116,0.046205876,0.001247979
4.3,1.3,2.1,2.5,1.9,19.8,0.217171717,0.065656566,0.106060606,0.126262626,0.095959596,0.044120144,0.001270193
4.7,2.4,1.9,2.5,2.1,21.7,0.216589862,0.110599078,0.087557604,0.115207373,0.096774194,0.04449288,0.001688755
3.7,2.3,2.1,2.1,2.7,24.9,0.148594378,0.092369478,0.084337349,0.084337349,0.108433735,0.031255273,0.001564257
4.8,1.6,1.5,1.5,2.3,21.1,0.227488152,0.075829384,0.071090047,0.071090047,0.109004739,0.044278259,0.001482253
3.3,1.9,1.9,2.4,2.3,21.1,0.156398104,0.090047393,0.090047393,0.113744076,0.109004739,0.033611397,0.001079603
3.6,1.9,1.6,1.3,1.5,15.8,0.227848101,0.120253165,0.101265823,0.082278481,0.094936709,0.046316461,0.000683758
4.1,1.9,2.7,1.5,2.7,17.8,0.230337079,0.106741573,0.151685393,0.084269663,0.151685393,0.050227126,0.001146779
4.5,2.8,2.3,1.1,1.2,22.6,0.199115044,0.123893805,0.101769912,0.048672566,0.053097345,0.038323868,0.001564033
4.7,2.6,2.8,2.5,1.8,20.1,0.233830846,0.129353234,0.139303483,0.124378109,0.089552239,0.050459518,0.001634058
3.7,1.1,2.7,2.9,1.7,19.4,0.190721649,0.056701031,0.139175258,0.149484536,0.087628866,0.04088161,0.001132634
3.6,1.7,2.3,1.1,1.1,22.6,0.159292035,0.075221239,0.101769912,0.048672566,0.048672566,0.029953206,0.0010499
3.7,1.2,1.2,1.3,1.6,17.9,0.206703911,0.067039106,0.067039106,0.072625698,0.089385475,0.039494137,0.000755126
4.8,2.4,2.5,2.6,2.9,17.7,0.271186441,0.13559322,0.141242938,0.146892655,0.163841808,0.062529952,0.00148697
3.3,2.1,2.3,2.6,2.2,22.8,0.144736842,0.092105263,0.100877193,0.114035088,0.096491228,0.031817133,0.001268934
3.7,1.1,2.9,2.4,1.5,22.3,0.165919283,0.049327354,0.130044843,0.107623318,0.067264574,0.033653659,0.001272424
3.3,1.7,2.5,1.4,1.1,24.7,0.133603239,0.068825911,0.101214575,0.056680162,0.044534413,0.025587747,0.001097418
4.2,2.4,2.1,2.1,2.4,21.4,0.196261682,0.112149533,0.098130841,0.098130841,0.112149533,0.041159889,0.001467482
3.8,2.9,2.8,1.3,1.7,15.3,0.248366013,0.189542484,0.183006536,0.08496732,0.111111111,0.057708685,0.000885722
4.3,1.8,1.3,2.9,2.2,23.3,0.184549356,0.077253219,0.055793991,0.124463519,0.094420601,0.036499857,0.001600677
4.6,2.1,2.3,2.6,2.6,18.4,0.25,0.114130435,0.125,0.141304348,0.141304348,0.05518574,0.001414124
4.1,1.6,1.2,1.2,1.5,16.3,0.251533742,0.098159509,0.073619632,0.073619632,0.09202454,0.049468317,0.000794156
4.9,2.2,1.6,1.6,2.6,18.1,0.270718232,0.121546961,0.08839779,0.08839779,0.143646409,0.056596975,0.001357244
4.2,1.3,2.6,1.1,1.3,17.4,0.24137931,0.074712644,0.149425287,0.063218391,0.074712644,0.048032943,0.000963395
4.9,2.8,1.7,2.5,2.3,21.1,0.232227488,0.132701422,0.08056872,0.118483412,0.109004739,0.048518181,0.001772065
4.4,2.2,2.7,1.6,2.4,22.8,0.192982456,0.096491228,0.118421053,0.070175439,0.105263158,0.039364901,0.001668175
4.2,2.9,2.4,2.4,1.1,15.6,0.269230769,0.185897436,0.153846154,0.153846154,0.070512821,0.061324891,0.001009223
3.3,1.6,2.8,2.9,2.8,15.3,0.215686275,0.104575163,0.183006536,0.189542484,0.183006536,0.057001877,0.000880026
3.8,2.7,2.2,2.7,2.1,15.3,0.248366013,0.176470588,0.14379085,0.176470588,0.137254902,0.06075146,0.000936895
4.5,2.2,2.5,2.9,2.6,23.7,0.189873418,0.092827004,0.105485232,0.122362869,0.109704641,0.040333736,0.001960483
4.1,1.7,2.9,1.8,2.3,17.1,0.239766082,0.099415205,0.169590643,0.105263158,0.134502924,0.052814481,0.001080224
4.1,2.7,2.9,1.7,1.5,24.4,0.168032787,0.110655738,0.118852459,0.069672131,0.06147541,0.033854484,0.001679184
3.6,1.5,1.8,2.8,2.6,15.1,0.238410596,0.099337748,0.119205298,0.185430464,0.17218543,0.055967479,0.000816462
4.7,1.4,2.7,2.5,1.3,17.5,0.268571429,0.08,0.154285714,0.142857143,0.074285714,0.056853145,0.001244989
4.9,2.7,1.6,2.9,2.8,22,0.222727273,0.122727273,0.072727273,0.131818182,0.127272727,0.047129247,0.001961613
3.7,1.9,2.8,1.7,1.4,24.8,0.149193548,0.076612903,0.112903226,0.068548387,0.056451613,0.029475962,0.001393123
3.8,1.9,2.5,1.3,1.1,20.7,0.183574879,0.09178744,0.120772947,0.062801932,0.053140097,0.035665769,0.001074506
4.4,1.5,1.2,1.1,1.6,21.9,0.200913242,0.068493151,0.054794521,0.050228311,0.073059361,0.037382892,0.001240221
4.8,2.7,1.1,2.6,1.7,20.8,0.230769231,0.129807692,0.052884615,0.125,0.081730769,0.04624639,0.001598996
4.9,1.3,1.5,2.5,2.6,19,0.257894737,0.068421053,0.078947368,0.131578947,0.136842105,0.05271679,0.001444129
4.9,2.9,2.5,2.9,2.6,15.4,0.318181818,0.188311688,0.162337662,0.188311688,0.168831169,0.07969221,0.001307366
4.9,2.2,2.7,1.7,1.2,20.1,0.243781095,0.109452736,0.134328358,0.084577114,0.059701493,0.048986452,0.001535722
3.1,2.9,2.1,2.6,1.3,16.6,0.186746988,0.174698795,0.126506024,0.156626506,0.078313253,0.044357207,0.000827205
4.3,1.4,2.7,2.2,2.4,22,0.195454545,0.063636364,0.122727273,0.1,0.109090909,0.039993182,0.001542542
4.1,2.6,2.6,2.7,2.4,17.7,0.231638418,0.146892655,0.146892655,0.152542373,0.13559322,0.054551889,0.001262122
4.1,2.4,1.6,1.2,1.8,18.1,0.226519337,0.132596685,0.08839779,0.066298343,0.099447514,0.045780448,0.00101472
3.2,1.3,2.7,2.8,1.8,20.2,0.158415842,0.064356436,0.133663366,0.138613861,0.089108911,0.035029366,0.0010436
3.1,1.5,2.6,1.2,2.1,17.3,0.179190751,0.086705202,0.150289017,0.069364162,0.121387283,0.038186032,0.000735991
3.1,1.4,1.6,1.9,1.3,19.9,0.155778894,0.070351759,0.08040201,0.095477387,0.065326633,0.030686088,0.000738747
3.6,1.9,2.1,1.5,1.1,15.2,0.236842105,0.125,0.138157895,0.098684211,0.072368421,0.049132913,0.000676463
4.4,1.4,2.1,1.4,1.1,22.9,0.192139738,0.061135371,0.091703057,0.061135371,0.048034934,0.035908812,0.001366003
3.9,1.5,2.7,2.1,1.9,20.9,0.186602871,0.071770335,0.129186603,0.100478469,0.090909091,0.03850672,0.001247173
3.6,2.1,2.7,1.5,2.4,22.1,0.162895928,0.095022624,0.122171946,0.067873303,0.108597285,0.034189906,0.001280148
3.1,1.1,2.6,2.1,2.6,15.2,0.203947368,0.072368421,0.171052632,0.138157895,0.171052632,0.048203464,0.000706113
4.8,1.4,1.8,2.5,1.9,19.9,0.24120603,0.070351759,0.090452261,0.125628141,0.095477387,0.048466522,0.001445753
3.9,2.4,2.2,2.9,1.2,16.3,0.239263804,0.147239264,0.134969325,0.17791411,0.073619632,0.053972288,0.000977862
4.5,1.6,2.5,1.4,1.6,22.3,0.201793722,0.071748879,0.112107623,0.062780269,0.071748879,0.03899601,0.001473687
3.9,1.9,1.2,1.6,2.9,15.2,0.256578947,0.125,0.078947368,0.105263158,0.190789474,0.056567141,0.000823057
4.9,2.7,1.7,1.5,1.4,15.9,0.308176101,0.169811321,0.106918239,0.094339623,0.088050314,0.065497942,0.001113153
3.9,2.8,1.5,2.3,2.4,15.4,0.253246753,0.181818182,0.097402597,0.149350649,0.155844156,0.059314857,0.000922851
4.5,1.9,2.5,1.6,2.9,16.5,0.272727273,0.115151515,0.151515152,0.096969697,0.175757576,0.060883536,0.001161652
4.6,2.3,1.9,1.9,1.4,19.6,0.234693878,0.117346939,0.096938776,0.096938776,0.071428571,0.047080991,0.001329603
4.3,1.5,1.2,1.1,1.6,24.9,0.172690763,0.060240964,0.048192771,0.044176707,0.064257028,0.031504529,0.001386463
4.1,2.5,1.9,2.5,1.5,15.3,0.267973856,0.163398693,0.124183007,0.163398693,0.098039216,0.060172181,0.00091597
4.5,1.5,1.1,1.7,1.4,24.8,0.181451613,0.060483871,0.044354839,0.068548387,0.056451613,0.033293676,0.001506794
4.6,1.3,2.3,2.6,2.6,17.8,0.258426966,0.073033708,0.129213483,0.146067416,0.146067416,0.055691633,0.001302941
3.1,2.7,2.3,1.7,1.5,24.8,0.125,0.108870968,0.092741935,0.068548387,0.060483871,0.025934684,0.001206456
4.8,1.3,1.7,2.1,1.5,18.3,0.262295082,0.071038251,0.092896175,0.114754098,0.081967213,0.052291294,0.001226179
3.7,1.4,1.6,1.5,2.3,23.4,0.158119658,0.05982906,0.068376068,0.064102564,0.098290598,0.030407471,0.001176113
3.4,1.8,2.5,1.1,2.8,17.3,0.196531792,0.104046243,0.144508671,0.063583815,0.161849711,0.04306478,0.000883755
3.9,2.1,2.2,1.2,1.1,22.2,0.175675676,0.094594595,0.099099099,0.054054054,0.04954955,0.033367921,0.001178631
3.2,1.2,1.8,2.2,2.8,22.1,0.14479638,0.054298643,0.081447964,0.099547511,0.126696833,0.029916864,0.001079536
4.5,1.6,2.4,2.7,2.6,18.3,0.245901639,0.087431694,0.131147541,0.147540984,0.142076503,0.053855048,0.001353879
4.6,2.2,2.9,2.8,2.3,21.8,0.211009174,0.100917431,0.133027523,0.128440367,0.105504587,0.045642978,0.001819798
3.5,2.9,2.9,1.8,1.7,21.1,0.165876777,0.137440758,0.137440758,0.085308057,0.08056872,0.036478437,0.001264481
3.2,2.6,2.5,1.7,1.5,20.4,0.156862745,0.12745098,0.12254902,0.083333333,0.073529412,0.033654817,0.001005218
3.3,2.3,2.2,2.7,1.6,20.5,0.16097561,0.112195122,0.107317073,0.131707317,0.07804878,0.035352748,0.001087946
3.9,2.6,2.3,2.3,2.1,21.9,0.178082192,0.118721461,0.105022831,0.105022831,0.095890411,0.038069389,0.001430626
3.6,1.5,2.7,1.7,2.6,15.7,0.229299363,0.095541401,0.171974522,0.108280255,0.165605096,0.052334903,0.000841222
4.8,2.3,1.9,1.8,1.8,22.2,0.216216216,0.103603604,0.085585586,0.081081081,0.081081081,0.042699456,0.001655799
3.8,2.4,1.6,1.4,1.5,18.8,0.20212766,0.127659574,0.085106383,0.074468085,0.079787234,0.040473395,0.000955533
3.3,1.6,1.4,2.5,2.4,23.5,0.140425532,0.068085106,0.059574468,0.106382979,0.10212766,0.028522048,0.001167526
4.8,2.4,2.1,2.7,1.6,21.2,0.226415094,0.113207547,0.099056604,0.127358491,0.075471698,0.046486661,0.001683855
4.5,1.6,2.6,1.5,1.4,18.7,0.240641711,0.085561497,0.139037433,0.080213904,0.07486631,0.048333952,0.001200756
4.4,2.7,2.9,2.6,1.6,19.5,0.225641026,0.138461538,0.148717949,0.133333333,0.082051282,0.049743471,0.001487435
3.1,2.4,1.2,1.5,2.3,17.3,0.179190751,0.138728324,0.069364162,0.086705202,0.132947977,0.038662012,0.000734777
4.9,2.9,1.9,1.9,2.3,22.9,0.213973799,0.126637555,0.082969432,0.082969432,0.100436681,0.043561203,0.001918456
3.3,1.6,2.1,1.4,1.3,21.2,0.155660377,0.075471698,0.099056604,0.066037736,0.061320755,0.030284338,0.000877713
3.5,2.3,2.7,2.5,2.4,15.8,0.221518987,0.14556962,0.170886076,0.158227848,0.151898734,0.055268236,0.000922319
3.6,1.2,2.1,1.8,2.2,16.3,0.220858896,0.073619632,0.128834356,0.110429448,0.134969325,0.046505642,0.000782733
3.4,1.1,2.4,2.2,2.8,19,0.178947368,0.057894737,0.126315789,0.115789474,0.147368421,0.038684746,0.001013639
3.6,1.9,1.8,2.6,2.6,20.5,0.175609756,0.092682927,0.087804878,0.126829268,0.126829268,0.037948302,0.001189632
4.6,2.4,2.1,1.9,2.1,17.5,0.262857143,0.137142857,0.12,0.108571429,0.12,0.056345784,0.001231956
4.3,1.4,2.5,1.2,2.7,22.7,0.189427313,0.061674009,0.110132159,0.052863436,0.118942731,0.037024031,0.001517652
3.2,1.1,2.1,2.6,1.8,22.9,0.139737991,0.048034934,0.091703057,0.113537118,0.07860262,0.028383745,0.001073668
3.6,2.4,2.1,2.8,1.5,20.7,0.173913043,0.115942029,0.101449275,0.1352657,0.072463768,0.037283429,0.001200525
4.1,1.2,1.6,1.2,2.6,19.2,0.213541667,0.0625,0.083333333,0.0625,0.135416667,0.041841059,0.001069157
4.6,2.7,2.8,1.3,2.6,24.8,0.185483871,0.108870968,0.112903226,0.052419355,0.10483871,0.0374514,0.002033987
3.9,2.5,1.1,2.6,1.8,19.7,0.197969543,0.126903553,0.055837563,0.131979695,0.091370558,0.040533566,0.001159666
3.7,2.2,1.5,2.6,2.5,24.1,0.153526971,0.091286307,0.062240664,0.107883817,0.10373444,0.031677097,0.001466114
3.3,2.4,2.1,2.7,1.1,17.8,0.185393258,0.134831461,0.117977528,0.151685393,0.061797753,0.040759644,0.000892602
3.1,2.7,2.2,1.8,2.4,16.5,0.187878788,0.163636364,0.133333333,0.109090909,0.145454545,0.045457711,0.000819945
4.7,2.6,2.2,1.7,2.8,17.4,0.270114943,0.149425287,0.126436782,0.097701149,0.16091954,0.060085383,0.001333576
4.9,2.8,1.6,1.5,2.8,23.4,0.209401709,0.11965812,0.068376068,0.064102564,0.11965812,0.042125052,0.001956486
3.7,2.9,2.4,1.9,1.4,17.6,0.210227273,0.164772727,0.136363636,0.107954545,0.079545455,0.046228201,0.001004838
4.7,1.5,2.2,1.1,2.9,16.1,0.291925466,0.093167702,0.136645963,0.068322981,0.180124224,0.062588365,0.001111438
4.7,2.1,1.4,1.2,1.8,19.3,0.243523316,0.10880829,0.07253886,0.062176166,0.093264249,0.047807228,0.001265231
4.8,1.2,2.2,1.1,2.2,17.6,0.272727273,0.068181818,0.125,0.0625,0.125,0.054753809,0.001189894
3.4,2.2,2.5,2.4,2.5,17.9,0.189944134,0.122905028,0.139664804,0.134078212,0.139664804,0.044839043,0.001018753
4.7,1.6,1.3,2.8,2.2,22.6,0.207964602,0.07079646,0.057522124,0.123893805,0.097345133,0.040796683,0.001686197
3.5,1.6,1.2,1.2,1.9,23.7,0.147679325,0.067510549,0.050632911,0.050632911,0.080168776,0.027691229,0.001020952
3.4,2.8,1.8,1.4,1.4,24,0.141666667,0.116666667,0.075,0.058333333,0.058333333,0.027966824,0.001184649
4.5,2.1,1.4,1.4,1.7,17.3,0.260115607,0.121387283,0.080924855,0.080924855,0.098265896,0.052437695,0.00104739
3.1,1.3,2.4,2.3,2.7,21.4,0.144859813,0.060747664,0.112149533,0.107476636,0.126168224,0.031585111,0.001083604
3.7,1.4,1.5,1.2,1.5,22.1,0.167420814,0.063348416,0.067873303,0.054298643,0.067873303,0.03127027,0.000983555
3.3,1.2,1.2,1.9,2.9,23.3,0.141630901,0.051502146,0.051502146,0.081545064,0.124463519,0.027769375,0.001106479
3.5,1.4,2.3,2.9,2.9,16.7,0.209580838,0.083832335,0.137724551,0.173652695,0.173652695,0.050133847,0.00097669
3.8,1.2,2.3,1.6,2.3,23.4,0.162393162,0.051282051,0.098290598,0.068376068,0.098290598,0.031607478,0.00129168
4.4,1.2,2.7,1.3,1.5,21.9,0.200913242,0.054794521,0.123287671,0.059360731,0.068493151,0.038496501,0.001382374
3.7,2.7,1.5,2.8,2.2,19.6,0.18877551,0.137755102,0.076530612,0.142857143,0.112244898,0.041547505,0.001201923
3.7,2.6,1.1,1.9,2.9,22.1,0.167420814,0.117647059,0.049773756,0.085972851,0.131221719,0.034762255,0.001324619
4.8,1.2,2.1,2.1,2.5,17.1,0.280701754,0.070175439,0.122807018,0.122807018,0.14619883,0.059080607,0.001227417
3.4,2.4,1.9,1.7,1.9,22,0.154545455,0.109090909,0.086363636,0.077272727,0.086363636,0.031860622,0.001098469
4.6,1.6,1.8,1.8,2.9,22.9,0.200873362,0.069868996,0.07860262,0.07860262,0.126637555,0.039781278,0.00168164
4.9,1.5,2.4,2.1,2.8,15.3,0.320261438,0.098039216,0.156862745,0.137254902,0.183006536,0.072893172,0.001151226
3.4,2.3,2.3,1.1,1.9,24,0.141666667,0.095833333,0.095833333,0.045833333,0.079166667,0.028039769,0.001197352
3.6,2.9,1.2,2.7,1.1,17.8,0.202247191,0.162921348,0.06741573,0.151685393,0.061797753,0.042842658,0.000961438
3.8,1.2,1.3,2.1,1.4,17.4,0.218390805,0.068965517,0.074712644,0.120689655,0.08045977,0.042927331,0.000808758
3.1,1.1,1.2,1.1,2.1,23.5,0.131914894,0.046808511,0.05106383,0.046808511,0.089361702,0.024498792,0.000841045
3.2,2.3,1.9,1.1,2.7,22,0.145454545,0.104545455,0.086363636,0.05,0.122727273,0.030320544,0.001076465
4.3,2.4,2.8,2.4,2.8,18,0.238888889,0.133333333,0.155555556,0.133333333,0.155555556,0.055704343,0.001360716
4.6,1.8,1.5,1.8,2.4,18.4,0.25,0.097826087,0.081521739,0.097826087,0.130434783,0.051043011,0.001232646
3.2,1.2,1.9,2.3,1.7,20.6,0.155339806,0.058252427,0.09223301,0.111650485,0.082524272,0.031492889,0.000888625
3.6,1.5,2.8,1.3,2.1,22,0.163636364,0.068181818,0.127272727,0.059090909,0.095454545,0.032797264,0.00117533
4.6,2.1,2.4,1.6,2.9,22.4,0.205357143,0.09375,0.107142857,0.071428571,0.129464286,0.042093911,0.00173885
4.4,1.4,2.5,1.5,2.9,15.7,0.280254777,0.089171975,0.159235669,0.095541401,0.184713376,0.062172093,0.001030822
4.9,1.5,2.4,1.8,1.6,16.1,0.304347826,0.093167702,0.149068323,0.111801242,0.099378882,0.064261629,0.001121729
4.7,2.7,1.5,2.5,2.7,17.5,0.268571429,0.154285714,0.085714286,0.142857143,0.154285714,0.059780423,0.001356983
3.2,1.4,2.7,2.9,2.5,24.5,0.130612245,0.057142857,0.110204082,0.118367347,0.102040816,0.028770899,0.001424415
4.8,2.5,1.8,2.2,1.6,23.5,0.204255319,0.106382979,0.076595745,0.093617021,0.068085106,0.040137022,0.001813371
3.2,1.4,1.3,1.2,2.6,22.4,0.142857143,0.0625,0.058035714,0.053571429,0.116071429,0.027769903,0.000936481
4.4,2.1,1.9,2.3,2.2,16.8,0.261904762,0.125,0.113095238,0.136904762,0.130952381,0.056873942,0.001110987
4.4,1.8,1.3,2.1,1.3,21.8,0.201834862,0.082568807,0.059633028,0.096330275,0.059633028,0.038469805,0.001331001
4.1,1.5,1.2,2.6,1.4,19.6,0.209183673,0.076530612,0.06122449,0.132653061,0.071428571,0.040994715,0.001100493
4.1,1.3,2.6,2.8,1.9,21.6,0.189814815,0.060185185,0.12037037,0.12962963,0.087962963,0.039286443,0.001433694
4.1,1.4,1.1,2.1,2.5,18.5,0.221621622,0.075675676,0.059459459,0.113513514,0.135135135,0.044424523,0.001058925
3.9,1.5,1.8,2.9,2.2,15.8,0.246835443,0.094936709,0.113924051,0.183544304,0.139240506,0.05545942,0.000910779
3.5,2.9,2.9,1.2,2.3,21,0.166666667,0.138095238,0.138095238,0.057142857,0.10952381,0.036448423,0.001272979
3.9,1.2,1.4,2.2,2.3,19.7,0.197969543,0.060913706,0.07106599,0.111675127,0.116751269,0.039203112,0.001065954
4.1,2.9,1.4,2.4,2.2,19.5,0.21025641,0.148717949,0.071794872,0.123076923,0.112820513,0.044947871,0.001293608
4.3,2.8,1.3,2.4,1.1,15.4,0.279220779,0.181818182,0.084415584,0.155844156,0.071428571,0.060411346,0.000941221
4.6,1.8,2.2,1.1,1.9,15.2,0.302631579,0.118421053,0.144736842,0.072368421,0.125,0.063842745,0.000946093
4.5,2.6,1.5,1.9,2.7,17.1,0.263157895,0.152046784,0.087719298,0.111111111,0.157894737,0.057733791,0.001199069
3.9,1.6,2.7,1.3,1.6,17,0.229411765,0.094117647,0.158823529,0.076470588,0.094117647,0.047504665,0.000905946
3.7,2.9,1.4,2.8,2.5,19.6,0.18877551,0.147959184,0.071428571,0.142857143,0.12755102,0.042426324,0.001254458
4.2,1.1,2.4,2.6,1.8,15.1,0.278145695,0.072847682,0.158940397,0.17218543,0.119205298,0.061675275,0.000903233
3.1,1.8,2.3,1.4,2.5,24.4,0.12704918,0.073770492,0.094262295,0.057377049,0.102459016,0.026205767,0.001153273
3.5,1.8,2.1,2.6,2.6,19.2,0.182291667,0.09375,0.109375,0.135416667,0.135416667,0.040713549,0.001090812
3.3,2.2,1.5,2.8,2.8,18.3,0.180327869,0.120218579,0.081967213,0.153005464,0.153005464,0.041898371,0.001012449
4.2,2.4,2.1,1.4,2.8,20.4,0.205882353,0.117647059,0.102941176,0.068627451,0.137254902,0.043117243,0.001377319
3.9,2.1,1.9,2.6,1.5,19.4,0.201030928,0.108247423,0.097938144,0.134020619,0.077319588,0.041874855,0.001129724
3.4,1.3,1.9,2.1,1.5,15.7,0.21656051,0.082802548,0.121019108,0.133757962,0.095541401,0.045434316,0.000667062
3.5,1.1,2.7,2.2,1.1,24.2,0.144628099,0.045454545,0.111570248,0.090909091,0.045454545,0.02818903,0.001221154
4.1,1.7,1.2,2.6,1.1,22.7,0.18061674,0.074889868,0.052863436,0.114537445,0.04845815,0.034184003,0.001302114
4.6,1.4,2.6,1.8,2.6,16.6,0.277108434,0.084337349,0.156626506,0.108433735,0.156626506,0.060159937,0.001161716
4.9,2.3,1.8,1.3,2.1,16.9,0.289940828,0.136094675,0.106508876,0.076923077,0.124260355,0.060707511,0.001207498
4.8,1.9,2.3,1.5,1.5,19.9,0.24120603,0.095477387,0.115577889,0.075376884,0.075376884,0.047840445,0.001406912
3.7,1.5,1.7,2.8,1.1,16,0.23125,0.09375,0.10625,0.175,0.06875,0.049072841,0.000794341
4.1,1.3,2.6,1.8,1.1,21.1,0.194312796,0.061611374,0.123222749,0.085308057,0.052132701,0.037823447,0.001213207
4.2,1.2,1.9,2.9,1.7,21.9,0.191780822,0.054794521,0.086757991,0.132420091,0.077625571,0.038115826,0.001400363
4.8,2.6,2.3,1.1,1.8,18.2,0.263736264,0.142857143,0.126373626,0.06043956,0.098901099,0.054368971,0.001325886
4.6,2.3,2.1,1.3,1.2,16.5,0.278787879,0.139393939,0.127272727,0.078787879,0.072727273,0.057245359,0.001046989
4.9,1.1,1.6,2.8,1.2,21.4,0.228971963,0.051401869,0.074766355,0.130841121,0.056074766,0.044330707,0.001569153
3.1,1.2,1.2,2.5,1.9,23.6,0.131355932,0.050847458,0.050847458,0.105932203,0.080508475,0.025545786,0.000985766
4.1,1.7,1.5,2.6,2.8,21.5,0.190697674,0.079069767,0.069767442,0.120930233,0.130232558,0.039222595,0.001420087
4.3,2.7,1.2,1.4,1.5,22.8,0.188596491,0.118421053,0.052631579,0.061403509,0.065789474,0.036069818,0.001412739
3.4,1.8,1.2,1.2,2.2,16.1,0.211180124,0.111801242,0.074534161,0.074534161,0.136645963,0.043299383,0.000668207
3.2,2.7,1.1,2.9,2.2,18.4,0.173913043,0.14673913,0.059782609,0.157608696,0.119565217,0.039374647,0.000970842
3.5,2.7,2.4,2.2,1.2,15.6,0.224358974,0.173076923,0.153846154,0.141025641,0.076923077,0.051428844,0.000815085
3.9,2.6,1.3,1.1,1.3,21.8,0.178899083,0.119266055,0.059633028,0.050458716,0.059633028,0.034011955,0.001139427
3.2,1.2,1.4,1.6,2.9,22.7,0.140969163,0.052863436,0.061674009,0.070484581,0.127753304,0.027916051,0.001025047
3.8,1.9,2.8,1.3,2.9,23.6,0.161016949,0.080508475,0.118644068,0.055084746,0.122881356,0.03308956,0.00151297
4.3,1.4,1.7,1.3,1.3,18,0.238888889,0.077777778,0.094444444,0.072222222,0.072222222,0.046355619,0.000969423
3.6,2.6,2.8,2.6,2.3,16.9,0.213017751,0.153846154,0.165680473,0.153846154,0.136094675,0.052752801,0.001065707
4.5,2.5,2.2,1.7,2.6,17,0.264705882,0.147058824,0.129411765,0.1,0.152941176,0.058664156,0.001205532
3.2,2.7,2.3,1.2,2.5,20.8,0.153846154,0.129807692,0.110576923,0.057692308,0.120192308,0.033589617,0.001084449
3.7,2.8,1.4,1.2,1.9,21.6,0.171296296,0.12962963,0.064814815,0.055555556,0.087962963,0.034124601,0.001150407
3.1,1.9,2.2,1.9,2.1,18.1,0.171270718,0.104972376,0.121546961,0.104972376,0.116022099,0.037790385,0.000813079
3.2,1.8,2.8,1.8,1.2,17.4,0.183908046,0.103448276,0.16091954,0.103448276,0.068965517,0.039707228,0.000784328
4.7,2.6,1.2,1.6,2.1,22.5,0.208888889,0.115555556,0.053333333,0.071111111,0.093333333,0.040817841,0.001630544
4.3,1.1,2.2,1.5,2.6,19.3,0.222797927,0.056994819,0.113989637,0.077720207,0.134715026,0.044561236,0.001210169
3.2,1.2,2.1,1.4,2.8,23.2,0.137931034,0.051724138,0.090517241,0.060344828,0.120689655,0.027567071,0.001089214
4.1,1.4,1.9,1.2,1.5,16.7,0.245508982,0.083832335,0.113772455,0.071856287,0.089820359,0.048641872,0.000848276
3.1,1.9,1.5,2.1,2.8,23.7,0.130801688,0.080168776,0.063291139,0.088607595,0.11814346,0.027602928,0.001158892
4.4,2.6,1.3,1.9,1.1,20.8,0.211538462,0.125,0.0625,0.091346154,0.052884615,0.040966276,0.001316323
4.4,1.7,1.8,2.1,1.8,21,0.20952381,0.080952381,0.085714286,0.1,0.085714286,0.041469429,0.001345487
4.7,2.6,1.2,2.6,2.8,23.6,0.199152542,0.110169492,0.050847458,0.110169492,0.118644068,0.040261586,0.001944053
4.6,1.4,2.9,1.9,2.8,19.5,0.235897436,0.071794872,0.148717949,0.097435897,0.143589744,0.049946835,0.001486219
3.7,2.9,2.5,2.4,2.4,19.9,0.185929648,0.145728643,0.125628141,0.120603015,0.120603015,0.04305405,0.001319203
4.6,1.3,1.2,2.9,1.1,21.6,0.212962963,0.060185185,0.055555556,0.134259259,0.050925926,0.040750058,0.001446427
4.6,2.8,1.8,2.3,2.1,23.1,0.199134199,0.121212121,0.077922078,0.0995671,0.090909091,0.040577632,0.001793417
4.4,1.8,1.3,2.7,1.8,24.4,0.180327869,0.073770492,0.053278689,0.110655738,0.073770492,0.034722082,0.001652466
4.9,2.8,2.6,1.3,2.1,24.7,0.198380567,0.113360324,0.105263158,0.052631579,0.085020243,0.039156046,0.002089732
3.6,1.1,2.3,1.8,2.9,20.2,0.178217822,0.054455446,0.113861386,0.089108911,0.143564356,0.036799931,0.001113098
3.8,1.2,2.6,2.1,1.9,21.8,0.174311927,0.055045872,0.119266055,0.096330275,0.087155963,0.035069556,0.001236561
3.2,1.9,2.7,2.3,2.4,24.8,0.129032258,0.076612903,0.108870968,0.092741935,0.096774194,0.028271552,0.001380992
3.9,2.7,1.8,2.3,1.1,24.2,0.161157025,0.111570248,0.074380165,0.095041322,0.045454545,0.031493226,0.001460027
4.3,1.9,1.9,1.3,2.2,15.8,0.272151899,0.120253165,0.120253165,0.082278481,0.139240506,0.057378517,0.000926336
4.3,1.4,1.4,2.1,1.4,15.9,0.270440252,0.088050314,0.088050314,0.132075472,0.088050314,0.054958099,0.000872023
3.1,1.4,2.6,2.7,2.8,20.2,0.153465347,0.069306931,0.128712871,0.133663366,0.138613861,0.035644252,0.001109926
3.6,2.1,2.2,2.9,2.6,21.4,0.168224299,0.098130841,0.102803738,0.135514019,0.121495327,0.037691856,0.001358399
4.1,2.6,1.4,1.9,2.3,22.8,0.179824561,0.114035088,0.061403509,0.083333333,0.100877193,0.036229527,0.001462418
3.4,2.8,2.8,2.7,1.6,21.9,0.155251142,0.127853881,0.127853881,0.123287671,0.073059361,0.035214279,0.001359176
4.8,2.5,1.1,2.6,2.1,23.1,0.207792208,0.108225108,0.047619048,0.112554113,0.090909091,0.040878527,0.001825469
4.8,2.3,2.8,1.8,1.4,20.4,0.235294118,0.112745098,0.137254902,0.088235294,0.068627451,0.047918801,0.001567068
3.9,2.5,2.3,2.2,2.5,21.4,0.182242991,0.11682243,0.107476636,0.102803738,0.11682243,0.039526046,0.001415529
3.9,2.1,1.6,1.5,2.6,16.8,0.232142857,0.125,0.095238095,0.089285714,0.154761905,0.049727137,0.000930453
4.8,1.3,2.3,1.5,1.7,19.1,0.251308901,0.068062827,0.120418848,0.078534031,0.089005236,0.049797309,0.001310634
3.6,1.6,2.1,1.3,2.2,19.8,0.181818182,0.080808081,0.106060606,0.065656566,0.111111111,0.036513837,0.000974804
3.1,2.5,1.3,1.8,2.2,24.7,0.125506073,0.101214575,0.052631579,0.072874494,0.089068826,0.025748704,0.001146307
3.2,1.5,1.6,2.8,2.6,19.4,0.164948454,0.077319588,0.082474227,0.144329897,0.134020619,0.036190685,0.000978018
3.4,2.9,2.1,2.8,1.4,16.8,0.202380952,0.172619048,0.125,0.166666667,0.083333333,0.047726828,0.000932543
4.8,2.4,2.2,1.8,2.6,16.9,0.284023669,0.142011834,0.130177515,0.106508876,0.153846154,0.062731232,0.001284756
4.8,1.8,2.9,2.8,2.6,20.3,0.236453202,0.088669951,0.142857143,0.137931034,0.128078818,0.05160227,0.001743115
4.9,1.8,2.7,2.7,1.3,23,0.213043478,0.07826087,0.117391304,0.117391304,0.056521739,0.042669747,0.001889714
3.6,1.5,1.8,1.7,1.1,23.8,0.151260504,0.06302521,0.075630252,0.071428571,0.046218487,0.028429047,0.00108202
3.9,2.8,1.2,2.5,2.5,21.9,0.178082192,0.127853881,0.054794521,0.114155251,0.114155251,0.03727212,0.001430946
3.6,1.9,1.5,1.8,1.7,20.7,0.173913043,0.09178744,0.072463768,0.086956522,0.082125604,0.034405854,0.000987232
3.7,2.4,1.1,1.2,2.1,24.2,0.152892562,0.099173554,0.045454545,0.049586777,0.08677686,0.029292918,0.001246284
4.7,1.8,1.2,2.9,2.1,17.1,0.274853801,0.105263158,0.070175439,0.169590643,0.122807018,0.058241786,0.001213581
3.3,2.5,2.1,1.3,2.5,21.3,0.154929577,0.117370892,0.098591549,0.061032864,0.117370892,0.033003031,0.001100515
4.4,1.8,1.2,1.1,2.7,21.1,0.208530806,0.085308057,0.056872038,0.052132701,0.127962085,0.040535191,0.0013374
4.3,1.2,2.1,1.5,2.7,20.1,0.213930348,0.059701493,0.104477612,0.074626866,0.134328358,0.042608232,0.001278152
4.3,1.1,2.7,2.6,1.7,23.8,0.180672269,0.046218487,0.113445378,0.109243697,0.071428571,0.035700665,0.001641502
3.9,2.7,2.7,2.1,1.1,24.6,0.158536585,0.109756098,0.109756098,0.085365854,0.044715447,0.031657749,0.001587482
4.4,2.8,1.5,2.5,1.3,22,0.2,0.127272727,0.068181818,0.113636364,0.059090909,0.039760883,0.001533765
3.7,2.8,2.8,2.5,2.3,19,0.194736842,0.147368421,0.147368421,0.131578947,0.121052632,0.046215108,0.001270777
3.8,1.1,1.7,2.3,1.6,17.1,0.222222222,0.064327485,0.099415205,0.134502924,0.093567251,0.045052794,0.000842403
4.3,1.9,1.9,1.5,2.4,20.9,0.205741627,0.090909091,0.090909091,0.071770335,0.114832536,0.041173106,0.001335632
4.7,1.7,2.3,2.6,1.4,19.3,0.243523316,0.088082902,0.119170984,0.134715026,0.07253886,0.050111073,0.001397191
3.1,1.4,2.9,2.9,2.4,17.4,0.17816092,0.08045977,0.166666667,0.166666667,0.137931034,0.044036541,0.000944609
3.9,2.6,1.8,2.6,1.4,21,0.185714286,0.123809524,0.085714286,0.123809524,0.066666667,0.038316515,0.001283036
4.1,2.1,2.2,2.8,2.7,15.5,0.264516129,0.135483871,0.141935484,0.180645161,0.174193548,0.063826347,0.001031071
3.5,1.4,1.3,1.1,2.2,24.9,0.140562249,0.0562249,0.052208835,0.044176707,0.088353414,0.026184511,0.001100191
3.1,2.1,2.5,2.1,1.5,21.3,0.145539906,0.098591549,0.117370892,0.098591549,0.070422535,0.031205463,0.001004876
4.2,2.6,2.9,1.2,2.7,21,0.2,0.123809524,0.138095238,0.057142857,0.128571429,0.042399593,0.001523012
4.9,1.9,2.9,1.8,2.2,16.1,0.304347826,0.118012422,0.180124224,0.111801242,0.136645963,0.067940278,0.001227629
4.2,2.1,1.4,1.2,1.6,16.8,0.25,0.125,0.083333333,0.071428571,0.095238095,0.05015317,0.000905094
4.8,2.3,1.6,2.8,1.7,23.3,0.206008584,0.098712446,0.068669528,0.120171674,0.072961373,0.04085855,0.001842855
3.4,2.4,1.1,2.9,1.6,24.9,0.136546185,0.096385542,0.044176707,0.116465863,0.064257028,0.027118998,0.001330093
3.1,2.3,1.5,2.6,1.5,24.3,0.127572016,0.094650206,0.061728395,0.106995885,0.061728395,0.026136377,0.00114156
4.9,1.1,2.5,2.9,1.1,24.1,0.203319502,0.045643154,0.10373444,0.12033195,0.045643154,0.039339176,0.001925068
4.6,1.6,2.2,2.6,2.4,20.5,0.224390244,0.07804878,0.107317073,0.126829268,0.117073171,0.046613186,0.001535108
4.3,2.1,1.9,2.7,1.2,15.4,0.279220779,0.136363636,0.123376623,0.175324675,0.077922078,0.061112485,0.000946771
4.8,1.5,1.5,2.3,2.7,16.3,0.294478528,0.09202454,0.09202454,0.141104294,0.165644172,0.063400726,0.001165224
3.9,1.3,2.8,2.1,1.9,18.2,0.214285714,0.071428571,0.153846154,0.115384615,0.104395604,0.045493456,0.001058225
3.7,2.1,2.7,2.2,1.5,20.5,0.180487805,0.102439024,0.131707317,0.107317073,0.073170732,0.038159574,0.001182718
4.3,1.9,2.3,1.5,1.9,20.2,0.212871287,0.094059406,0.113861386,0.074257426,0.094059406,0.042682964,0.00127136
3.7,2.9,1.1,2.3,1.3,20.2,0.183168317,0.143564356,0.054455446,0.113861386,0.064356436,0.036906148,0.00110655
4.6,1.7,1.4,1.8,2.5,23.3,0.197424893,0.072961373,0.060085837,0.077253219,0.107296137,0.03820183,0.001626933
4.7,1.9,1.7,2.1,1.1,23.5,0.2,0.080851064,0.072340426,0.089361702,0.046808511,0.03789725,0.001626029
4.6,1.3,1.8,2.3,1.8,23.8,0.193277311,0.054621849,0.075630252,0.096638655,0.075630252,0.037059611,0.001641443
4.5,1.1,2.5,2.6,1.7,19.9,0.226130653,0.055276382,0.125628141,0.130653266,0.085427136,0.046016804,0.001378806
3.8,1.5,2.4,2.4,2.6,24.7,0.153846154,0.060728745,0.097165992,0.097165992,0.105263158,0.031581299,0.001563368
3.9,2.1,1.7,2.1,1.5,18.3,0.213114754,0.114754098,0.092896175,0.114754098,0.081967213,0.043638738,0.000987194
3.8,2.7,1.6,1.7,2.4,17.9,0.212290503,0.150837989,0.089385475,0.094972067,0.134078212,0.046168775,0.001028997
3.4,2.7,1.2,1.7,2.4,19.8,0.171717172,0.136363636,0.060606061,0.085858586,0.121212121,0.036360129,0.001010336
3.6,1.8,2.8,1.5,1.4,19.4,0.18556701,0.092783505,0.144329897,0.077319588,0.072164948,0.038045249,0.000994499
3.6,1.1,2.9,2.5,1.6,16.7,0.215568862,0.065868263,0.173652695,0.149700599,0.095808383,0.047851986,0.000894532
4.1,2.2,1.8,2.6,1.7,18.1,0.226519337,0.121546961,0.099447514,0.143646409,0.093922652,0.048099559,0.001114624
3.2,1.3,2.7,2.5,1.6,16.7,0.191616766,0.077844311,0.161676647,0.149700599,0.095808383,0.04338313,0.000788188
3.5,1.8,2.5,2.1,1.6,20.8,0.168269231,0.086538462,0.120192308,0.100961538,0.076923077,0.035056632,0.001077277
3.9,1.7,2.6,2.6,2.7,23,0.169565217,0.073913043,0.113043478,0.113043478,0.117391304,0.036274177,0.001570247
3.4,2.5,1.1,2.1,1.6,18.3,0.18579235,0.136612022,0.06010929,0.114754098,0.087431694,0.038256132,0.000854262
3.4,2.8,1.4,2.3,1.5,21.6,0.157407407,0.12962963,0.064814815,0.106481481,0.069444444,0.032409951,0.00111492
4.8,1.3,2.6,1.2,2.2,21.2,0.226415094,0.061320755,0.122641509,0.056603774,0.103773585,0.044165999,0.001550031
4.7,2.2,2.8,1.5,2.3,23,0.204347826,0.095652174,0.12173913,0.065217391,0.1,0.041149892,0.001813872
3.9,1.4,2.2,2.9,2.5,22.4,0.174107143,0.0625,0.098214286,0.129464286,0.111607143,0.036375886,0.001460199
3.2,2.8,1.3,2.5,2.3,21.7,0.147465438,0.129032258,0.059907834,0.115207373,0.105990783,0.032211885,0.001160528
3.6,1.2,2.6,2.7,2.7,16.6,0.21686747,0.072289157,0.156626506,0.162650602,0.162650602,0.050572353,0.00096913
3.1,1.1,2.4,2.8,1.1,23.7,0.130801688,0.046413502,0.101265823,0.11814346,0.046413502,0.026485068,0.001094924
3.6,2.9,1.9,1.1,2.5,16.6,0.21686747,0.174698795,0.114457831,0.06626506,0.15060241,0.048787716,0.000907839
3.6,2.7,1.5,2.9,1.3,15.1,0.238410596,0.178807947,0.099337748,0.19205298,0.086092715,0.055243225,0.000808197
4.8,2.7,2.5,2.2,2.6,20.9,0.229665072,0.129186603,0.119617225,0.105263158,0.124401914,0.04948932,0.001779886
4.7,2.4,2.3,1.3,1.2,22.3,0.210762332,0.107623318,0.103139013,0.058295964,0.053811659,0.040559061,0.00158531
4.5,2.2,2.1,1.2,2.4,16.1,0.279503106,0.136645963,0.130434783,0.074534161,0.149068323,0.060079507,0.001051248
4.3,1.8,2.8,1.9,2.7,17.4,0.247126437,0.103448276,0.16091954,0.109195402,0.155172414,0.055036714,0.001203591
4.3,1.4,1.1,1.7,1.8,19.4,0.221649485,0.072164948,0.056701031,0.087628866,0.092783505,0.042603229,0.001084352
4.6,2.5,2.8,2.3,2.8,19.1,0.240837696,0.130890052,0.146596859,0.120418848,0.146596859,0.054474854,0.001566455
4.9,2.4,2.5,1.3,1.9,15.3,0.320261438,0.156862745,0.163398693,0.08496732,0.124183007,0.070679058,0.001105641
3.2,1.3,2.5,2.9,1.6,16.9,0.189349112,0.076923077,0.147928994,0.171597633,0.094674556,0.04342414,0.000822073
4.9,2.6,1.2,1.7,2.5,17.4,0.281609195,0.149425287,0.068965517,0.097701149,0.143678161,0.05969266,0.001304166
4.9,1.5,1.5,2.3,1.2,17.8,0.275280899,0.084269663,0.084269663,0.129213483,0.06741573,0.055200244,0.001219658
3.2,1.2,1.3,2.5,1.1,24,0.133333333,0.05,0.054166667,0.104166667,0.045833333,0.025210396,0.000971457
4.1,2.4,1.6,1.9,2.4,17.2,0.238372093,0.139534884,0.093023256,0.110465116,0.139534884,0.051454185,0.001047329
3.6,2.8,2.3,1.3,1.5,24.8,0.14516129,0.112903226,0.092741935,0.052419355,0.060483871,0.028679,0.001375931
4.4,1.1,1.5,2.9,2.9,15.5,0.283870968,0.070967742,0.096774194,0.187096774,0.187096774,0.063931593,0.001036238
3.4,1.9,1.9,1.5,1.8,19.2,0.177083333,0.098958333,0.098958333,0.078125,0.09375,0.036025347,0.000863135
3.6,2.2,1.1,1.6,1.5,18.8,0.191489362,0.117021277,0.058510638,0.085106383,0.079787234,0.037676167,0.000856568
4.4,1.6,1.4,1.5,1.5,19.1,0.230366492,0.083769634,0.073298429,0.078534031,0.078534031,0.044589507,0.001093746
4.8,2.7,1.1,1.2,2.2,17.2,0.279069767,0.156976744,0.063953488,0.069767442,0.127906977,0.058013539,0.001204737
3.3,1.5,1.2,1.6,1.8,17.8,0.185393258,0.084269663,0.06741573,0.08988764,0.101123596,0.036677762,0.000693255
